Marketing Channel,Device Category,Users,Pages / Session,Avg. Session Duration,TotalNumberOfInsurancePoliciesPurchaed,Revenue,TotalNumberOfInsuranceQuotes
(Other),desktop,1,1,0,0,0,0
Affiliates,desktop,11,3.36,266,0,0,3
Affiliates,mobile,4,4.83,138.5,0,0,4
Aggregators,desktop,15,1.94,125.79,9,114.89,4
Aggregators,mobile,20,1.85,126.24,12,278,10
Aggregators,tablet,1,2.5,98.5,2,16.8,0
Direct,desktop,34,1.97,24.87,0,0,4
Direct,mobile,93,2.04,92.57,3,37.89,20
Direct,tablet,1,2,25,0,0,0
Display,desktop,2,1,0,0,0,0
Display,mobile,1,1,0,0,0,0
Email,desktop,13,1.53,92.33,1,22.23,1
Email,mobile,67,1.52,46.04,1,27.68,4
Organic Search,desktop,93,2.02,60.49,0,0,9
Organic Search,mobile,272,1.53,70.4,2,39.03,8
Organic Search,tablet,3,1.33,23.67,0,0,0
Paid Search,desktop,63,1.94,61.86,0,0,15
Paid Search,mobile,216,3.08,152.52,7,282.03,88
Paid Search,tablet,4,6.5,494.5,0,0,3
Paid Social,mobile,13,7.38,584.62,1,10.37,12
Referral,desktop,11,3.11,388.56,0,0,8
Referral,mobile,17,3.85,188.4,2,36.01,11
Social,mobile,4,1.75,79,0,0,1
Affiliates,desktop,3,1,0,0,0,0
Affiliates,mobile,5,7.17,429.5,0,0,4
Aggregators,desktop,15,2.28,148.59,15,483.69,1
Aggregators,mobile,23,2.45,187.66,16,239.26,9
Direct,desktop,16,3.06,85.39,0,0,2
Direct,mobile,83,2.24,100.22,1,14.26,16
Direct,tablet,3,1,3.33,0,0,0
Display,mobile,1,1,0,0,0,0
Email,desktop,6,1.29,11.43,0,0,0
Email,mobile,43,1.86,94.9,1,12.59,4
Organic Search,desktop,29,1.42,45.16,0,0,2
Organic Search,mobile,237,1.27,32.99,0,0,7
Organic Search,tablet,1,1,0,0,0,0
Paid Search,desktop,22,3.12,108.92,0,0,8
Paid Search,mobile,168,3.34,146.3,8,399.74,95
Paid Search,tablet,3,0.67,77,0,0,0
Paid Social,mobile,12,4.15,129.31,0,0,7
Paid Social,tablet,1,3,109,0,0,1
Referral,mobile,9,4,145.56,0,0,6
Social,mobile,1,1,0,0,0,0
Social,tablet,1,3,108,0,0,1
(Other),mobile,2,1,0,0,0,0
Affiliates,desktop,4,5.4,356.2,1,36.13,3
Affiliates,mobile,7,2.14,24.29,0,0,0
Aggregators,desktop,15,2.45,149.77,12,252.7,2
Aggregators,mobile,18,2.09,117.29,8,277.29,7
Direct,desktop,12,2.71,241.86,1,10.56,4
Direct,mobile,80,2.28,91.94,1,14.99,19
Direct,tablet,3,9.8,483.6,0,0,4
Display,mobile,1,7,301,0,0,1
Display,tablet,1,1,0,0,0,0
Email,desktop,5,5.8,571.4,1,19.48,2
Email,mobile,38,1.61,21.07,0,0,5
Organic Search,desktop,21,1.5,17.18,0,0,0
Organic Search,mobile,227,1.31,24.03,1,11.22,8
Organic Search,tablet,5,1,0,0,0,0
Paid Search,desktop,21,3.17,107.79,2,33.97,5
Paid Search,mobile,183,3.88,156.57,6,126,115
Paid Search,tablet,2,4.5,97,0,0,2
Paid Social,mobile,14,3.2,127.47,0,0,6
Paid Social,tablet,1,1,0,0,0,0
Referral,desktop,4,2.25,57.75,0,0,1
Referral,mobile,15,5.06,202.76,1,17.3,11
Referral,tablet,1,3,537,0,0,1
Social,mobile,3,3.33,101,0,0,1
(Other),desktop,1,1,0,0,0,0
(Other),mobile,5,1.2,4.6,0,0,0
Affiliates,desktop,12,3.25,98.75,1,9.49,6
Affiliates,mobile,10,5.6,291.3,4,79.14,6
Aggregators,desktop,19,2.54,152,16,486.45,1
Aggregators,mobile,47,2.26,128.73,27,1094.95,9
Aggregators,tablet,2,2.5,233.75,2,30.75,0
Direct,desktop,37,2.21,109.79,1,11.1,3
Direct,mobile,101,2.1,147.75,0,0,20
Direct,tablet,2,1.5,9,0,0,0
Display,desktop,1,2,7,0,0,0
Email,desktop,17,2.06,92.28,0,0,2
Email,mobile,50,2.31,138.31,5,85.31,7
Organic Search,desktop,78,2.67,182.56,2,266.52,8
Organic Search,mobile,266,1.23,35.37,0,0,10
Organic Search,tablet,3,1,0,0,0,0
Paid Search,desktop,45,2.8,160.49,3,60.26,13
Paid Search,mobile,306,3.66,170.51,12,201.84,184
Paid Search,tablet,4,4.2,95,0,0,3
Paid Social,desktop,1,1,0,0,0,0
Paid Social,mobile,13,4.64,226.57,2,103.43,7
Referral,desktop,9,2.57,107.36,0,0,4
Referral,mobile,18,3.18,275.82,1,32.87,17
Referral,tablet,1,1,0,0,0,1
Social,mobile,6,3.67,113,0,0,4
Social,tablet,1,7,78,0,0,1
Affiliates,desktop,5,4.8,290,1,15.69,2
Affiliates,mobile,4,7,381.5,2,33.11,2
Aggregators,desktop,25,2.55,168.5,14,396.08,2
Aggregators,mobile,27,2.31,195.5,9,352.24,8
Aggregators,tablet,1,1,0,0,0,0
Direct,desktop,36,2.64,154.46,3,47.62,6
Direct,mobile,119,2.07,187.99,2,25.85,24
Direct,tablet,1,7.5,191.5,0,0,1
Display,desktop,1,1,0,0,0,0
Email,desktop,7,2.5,364.5,0,0,1
Email,mobile,54,1.72,98.39,0,0,3
Organic Search,desktop,81,1.53,122,0,0,3
Organic Search,mobile,233,1.31,41.11,2,190.74,9
Organic Search,tablet,4,1.25,3.5,0,0,1
Paid Search,desktop,45,1.6,36.46,0,0,3
Paid Search,mobile,232,2.94,105.73,5,80.39,113
Paid Search,tablet,5,4,331.4,0,0,3
Paid Social,desktop,1,3,103,0,0,1
Paid Social,mobile,8,4.11,123.22,0,0,6
Referral,desktop,7,3.75,438.5,0,0,3
Referral,mobile,18,4.19,232.9,1,18.04,18
Referral,tablet,1,2,85,0,0,1
Social,mobile,5,3,120.2,0,0,3
(Other),desktop,1,1,0,0,0,0
Affiliates,desktop,4,3.8,91.8,1,19.53,2
Affiliates,mobile,4,3.5,87.25,0,0,2
Aggregators,desktop,21,2.3,153.35,13,259.96,4
Aggregators,mobile,30,2.43,137.57,14,312.54,4
Direct,desktop,30,2.43,64.74,2,104.6,5
Direct,mobile,91,2.17,95.5,3,160.13,19
Direct,tablet,3,3,44.67,0,0,1
Email,desktop,8,1.38,6.5,0,0,0
Email,mobile,51,1.78,31.14,0,0,4
Organic Search,desktop,59,1.94,78.29,2,23.37,3
Organic Search,mobile,268,1.26,43.25,0,0,1
Organic Search,tablet,2,2,570,0,0,0
Paid Search,desktop,42,2.54,89.35,0,0,13
Paid Search,mobile,252,3.19,139.98,8,134.05,138
Paid Search,tablet,4,3.6,135.8,0,0,2
Paid Social,mobile,10,3,175.92,0,0,6
Paid Social,tablet,1,8,880,0,0,1
Referral,desktop,12,2.69,131.77,0,0,1
Referral,mobile,25,3.07,181.37,1,6.82,15
Social,mobile,1,1,0,0,0,0
Affiliates,desktop,5,9.4,366.2,3,386.87,4
Affiliates,mobile,4,5.25,452,1,12.8,2
Aggregators,desktop,23,2.03,121.32,11,399.12,2
Aggregators,mobile,29,3.82,306.62,17,624.74,14
Aggregators,tablet,1,2,81.5,1,17.64,0
Direct,desktop,31,3.42,165.39,3,104.29,5
Direct,mobile,62,2.55,76.62,3,42.37,13
Direct,tablet,1,10,1815,1,30.29,0
Email,desktop,12,1.46,6,0,0,0
Email,mobile,39,1.98,97.65,1,19.56,2
Organic Search,desktop,68,1.96,128.74,2,41.26,6
Organic Search,mobile,238,1.42,74.36,1,17.59,8
Organic Search,tablet,4,1.25,70,0,0,0
Paid Search,desktop,29,2.42,185.77,1,32.85,7
Paid Search,mobile,184,2.92,119.16,9,241.02,92
Paid Search,tablet,1,4,244,0,0,0
Paid Social,mobile,6,5.5,192.17,2,20.41,3
Referral,desktop,9,5,304.5,0,0,3
Referral,mobile,11,1.4,54.4,0,0,7
Social,mobile,3,4.67,127.33,0,0,1
Affiliates,desktop,2,1,0,0,0,0
Affiliates,mobile,5,1.71,52,0,0,2
Aggregators,desktop,23,2.2,193.8,15,615.89,3
Aggregators,mobile,34,3,234.74,21,472.12,12
Direct,desktop,25,2.74,132.26,1,18.87,6
Direct,mobile,74,2.18,96.48,2,58.8,18
Direct,tablet,1,1,0,0,0,0
Display,desktop,1,1,103,0,0,0
Email,desktop,7,1.71,31.29,0,0,1
Email,mobile,32,1.98,88.91,0,0,4
Organic Search,desktop,59,1.81,67.02,0,0,3
Organic Search,mobile,239,1.69,66.91,3,48.97,21
Organic Search,tablet,1,1,0,0,0,0
Paid Search,desktop,39,2.1,109.31,1,13.08,9
Paid Search,mobile,157,2.62,79.28,4,40.82,55
Paid Social,mobile,8,4,144.25,0,0,4
Paid Social,tablet,2,4.5,97.5,0,0,1
Referral,desktop,9,5.1,429.8,0,0,2
Referral,mobile,5,3,225,0,0,3
Social,mobile,3,3,45.33,0,0,1
Social,tablet,1,8,278,0,0,1
Affiliates,desktop,2,6.5,475.5,1,17.43,1
Affiliates,mobile,4,6.8,437.2,2,36.84,4
Aggregators,desktop,10,5.07,394.2,7,110.49,2
Aggregators,mobile,30,2,149.58,11,179.54,6
Direct,desktop,16,2.71,183.29,2,17.76,3
Direct,mobile,71,2.97,247.68,5,111.98,20
Direct,tablet,2,7,871.5,0,0,1
Email,desktop,2,2,24,0,0,0
Email,mobile,34,2.17,87.56,2,41.47,2
Organic Search,desktop,18,2.79,293.84,4,107.65,2
Organic Search,mobile,205,1.41,37.08,0,0,8
Organic Search,tablet,3,1.33,179.67,0,0,0
Paid Search,desktop,18,1.9,97.24,1,30.06,2
Paid Search,mobile,155,2.91,103.63,6,102.68,61
Paid Social,mobile,9,4.11,111.22,0,0,5
Paid Social,tablet,1,1,0,0,0,0
Referral,desktop,7,3.57,167.14,0,0,4
Referral,mobile,9,4,266.08,0,0,8
Social,mobile,7,4.57,119,0,0,3
Social,tablet,1,3,206,0,0,1
Affiliates,desktop,5,3.4,101,0,0,1
Affiliates,mobile,4,6.25,332,0,0,4
Aggregators,desktop,15,2.35,171.7,5,77.48,3
Aggregators,mobile,35,2.62,164,14,791.77,11
Aggregators,tablet,1,1,2,0,0,0
Direct,desktop,11,3.33,233.08,1,17.35,2
Direct,mobile,67,2.2,79.73,2,21.82,14
Email,desktop,2,2.5,137,0,0,0
Email,mobile,29,1.91,72.38,1,22.32,5
Organic Search,desktop,25,1.38,30.5,1,32.86,0
Organic Search,mobile,237,1.35,59.65,1,19.97,10
Organic Search,tablet,5,1.2,44.2,0,0,0
Paid Search,desktop,21,2.5,153.91,0,0,7
Paid Search,mobile,143,3.07,112.83,6,103.69,70
Paid Search,tablet,2,5.5,241.5,0,0,2
Paid Social,mobile,12,3.62,132,0,0,9
Paid Social,tablet,2,2.33,60.67,0,0,1
Referral,desktop,1,1,0,0,0,0
Referral,mobile,9,7.22,253.11,2,33.33,9
Social,mobile,3,2,15.25,0,0,3
Social,tablet,1,2,7,0,0,1
(Other),mobile,1,2,88,0,0,1
Affiliates,desktop,2,3.5,61.5,0,0,1
Affiliates,mobile,3,2,88.67,0,0,2
Aggregators,desktop,28,2.3,144.7,19,583.82,5
Aggregators,mobile,41,2.59,226.59,24,627.64,11
Aggregators,tablet,4,1.67,157,1,6.44,0
Direct,desktop,25,3.94,147.45,1,27.89,7
Direct,mobile,82,2.35,127.14,3,85.19,18
Direct,tablet,2,4.5,198.5,0,0,2
Email,desktop,8,2.63,46,1,16.62,1
Email,mobile,44,1.85,141.73,0,0,3
Organic Search,desktop,66,2.12,94.14,1,53.82,6
Organic Search,mobile,251,1.31,44.65,0,0,8
Organic Search,tablet,3,1.33,492.67,0,0,0
Paid Search,desktop,46,2.25,32.87,1,43.6,12
Paid Search,mobile,222,3.35,105.34,8,146.79,112
Paid Search,tablet,2,3.71,83.14,0,0,5
Paid Social,mobile,12,2.79,113.57,0,0,7
Paid Social,tablet,1,2,25,0,0,1
Referral,desktop,5,2,21.2,0,0,1
Referral,mobile,15,2.47,163.41,0,0,9
Social,mobile,4,6.25,165.75,0,0,3
Affiliates,desktop,7,3.14,70.86,1,10.77,3
Affiliates,mobile,3,4.67,343.33,1,23.81,2
Affiliates,tablet,1,2.33,340,0,0,0
Aggregators,desktop,28,2.49,139.84,18,617.58,3
Aggregators,mobile,40,2.07,155.68,23,344.39,11
Aggregators,tablet,2,1,0,0,0,3
Direct,desktop,34,2.57,146,1,12.73,5
Direct,mobile,101,2.54,91.33,3,52.38,28
Direct,tablet,3,7,740.33,1,22.69,1
Display,desktop,1,8,164,0,0,1
Display,mobile,1,3.5,173.5,0,0,1
Email,desktop,8,1.63,31.38,0,0,0
Email,mobile,64,2.03,144.74,0,0,4
Organic Search,desktop,79,1.96,114.86,3,88.27,7
Organic Search,mobile,268,1.55,75.54,1,15.99,11
Organic Search,tablet,4,1.5,35.75,0,0,0
Paid Search,desktop,45,2.75,173.75,2,28.62,14
Paid Search,mobile,235,2.86,112.53,9,181.88,103
Paid Search,tablet,7,4.3,268.3,0,0,4
Paid Social,mobile,16,4.12,105,0,0,9
Paid Social,tablet,3,3.33,516.33,0,0,2
Referral,desktop,10,3.73,240.82,1,15.17,3
Referral,mobile,16,5.29,360.52,3,54.2,16
Social,mobile,2,1,0,0,0,0
Affiliates,desktop,4,7,574,0,0,3
Affiliates,mobile,4,6.4,274,1,14.35,3
Aggregators,desktop,31,2.39,185.95,25,491.4,3
Aggregators,mobile,33,2.21,207.03,17,240.3,5
Direct,desktop,32,3.26,77.11,1,35.48,5
Direct,mobile,100,2.5,188.87,6,148.43,22
Direct,tablet,3,2.67,735,0,0,1
Display,desktop,1,3,894,0,0,0
Email,desktop,9,2.45,52.55,0,0,2
Email,mobile,48,2.35,166.35,4,77.34,7
Email,tablet,1,2,285,0,0,0
Organic Search,desktop,75,1.6,77.49,0,0,2
Organic Search,mobile,242,1.41,38.88,1,276.36,7
Organic Search,tablet,2,1,0,0,0,0
Paid Search,desktop,41,2.27,64.47,0,0,11
Paid Search,mobile,192,3.09,160.63,7,112.14,95
Paid Search,tablet,1,1,0,0,0,0
Paid Social,mobile,12,4.42,180.33,1,9.87,8
Paid Social,tablet,1,8,238,0,0,1
Referral,desktop,7,1.17,11.08,0,0,1
Referral,mobile,14,3.39,176,0,0,9
Social,mobile,3,1,0,0,0,0
Affiliates,desktop,6,5.63,239.13,2,162.84,5
Affiliates,mobile,5,6,100,0,0,2
Aggregators,desktop,19,2.38,147.66,12,295.88,0
Aggregators,mobile,21,2.31,156.44,10,422.56,3
Aggregators,tablet,2,2.4,155.6,3,56.68,1
Direct,desktop,27,4.4,418.6,5,65.99,9
Direct,mobile,79,1.76,118.04,3,81.35,16
Direct,tablet,2,4,75,0,0,1
Display,desktop,1,4,146,0,0,1
Email,desktop,4,4.5,160.5,1,7.63,1
Email,mobile,36,1.8,161.37,1,14.03,4
Email,tablet,1,2,27,0,0,0
Organic Search,desktop,72,1.71,72.05,0,0,4
Organic Search,mobile,211,1.44,56.12,5,124.79,8
Organic Search,tablet,2,1,0,0,0,0
Paid Search,desktop,51,2.57,155.07,3,773.07,14
Paid Search,mobile,204,3.22,165.88,12,178.99,98
Paid Search,tablet,1,1,0,0,0,0
Paid Social,mobile,14,6.71,240.93,0,0,11
Referral,desktop,10,4.73,104.18,0,0,4
Referral,mobile,12,3.67,113.87,0,0,7
Social,mobile,5,3,44.4,0,0,2
Affiliates,desktop,4,3.75,80.75,0,0,2
Affiliates,mobile,7,4.44,181.89,3,40.81,5
Aggregators,desktop,25,2.32,130.44,11,259.73,4
Aggregators,mobile,32,2.74,230.94,22,561.05,8
Direct,desktop,26,3.96,160.32,3,45.73,5
Direct,mobile,85,2.61,127.18,11,148.84,21
Direct,tablet,1,1,0,0,0,0
Display,desktop,2,13,1409.67,1,25.51,1
Email,desktop,9,1.91,127.64,0,0,1
Email,mobile,43,2.05,160.77,0,0,5
Email,tablet,1,1,0,0,0,0
Organic Search,desktop,57,1.58,69.37,0,0,2
Organic Search,mobile,237,1.49,57.87,3,34.7,11
Paid Search,desktop,47,2.09,68.26,0,0,5
Paid Search,mobile,205,3.25,144.34,9,147.09,89
Paid Search,tablet,6,2.86,104.86,0,0,3
Paid Social,mobile,16,6.38,141.56,2,23.52,10
Referral,desktop,8,2.11,66.44,0,0,1
Referral,mobile,16,2.41,104.86,0,0,14
Social,mobile,1,2,10,0,0,0
Affiliates,mobile,7,5.38,381.25,0,0,5
Aggregators,desktop,20,3.06,246.11,12,219.44,3
Aggregators,mobile,27,2.33,193.54,13,444.35,5
Direct,desktop,22,2.41,132.59,0,0,4
Direct,mobile,59,1.85,50.79,0,0,13
Direct,tablet,1,26,495,0,0,1
Display,desktop,1,1,0,0,0,0
Email,desktop,3,1.33,48.67,0,0,0
Email,mobile,37,2.7,101.79,2,46.53,10
Email,tablet,1,3,552,0,0,0
Organic Search,desktop,15,3,133.44,0,0,2
Organic Search,mobile,186,1.56,66.05,3,42.94,10
Organic Search,tablet,3,1.33,504.67,0,0,0
Paid Search,desktop,17,3.25,128.45,2,44.69,6
Paid Search,mobile,204,3.64,151.15,13,295.11,130
Paid Search,tablet,3,6.33,280.33,0,0,2
Paid Social,mobile,8,4.75,102.75,0,0,4
Referral,desktop,1,9,178,0,0,1
Referral,mobile,14,4.71,205.59,2,61.17,9
Social,mobile,2,1,38,0,0,0
(Other),desktop,1,1,0,0,0,0
Affiliates,desktop,1,5,63,0,0,1
Affiliates,mobile,5,3.17,51.83,1,10.97,3
Aggregators,desktop,25,2.63,224.68,23,1093.33,2
Aggregators,mobile,32,2.46,116.79,19,364.01,10
Aggregators,tablet,1,2.5,76.5,1,15.9,0
Direct,desktop,13,4.43,310.29,2,481.89,1
Direct,mobile,74,2.23,84.75,1,13.44,18
Email,desktop,7,1.56,26.11,0,0,0
Email,mobile,46,2.78,188.53,5,95.95,9
Organic Search,desktop,26,1.58,59.31,0,0,2
Organic Search,mobile,233,1.34,51.69,2,20.32,7
Organic Search,tablet,3,1,0,0,0,0
Paid Search,desktop,21,4.39,201.52,4,100.32,10
Paid Search,mobile,210,3.64,145.08,11,135.07,134
Paid Search,tablet,1,1,4,0,0,1
Paid Social,mobile,13,4.31,159.69,0,0,9
Paid Social,tablet,1,1,0,0,0,0
Referral,desktop,1,1,0,0,0,0
Referral,mobile,9,3.08,77,0,0,7
Social,mobile,5,3,293.8,0,0,2
Affiliates,desktop,6,9.57,385.86,3,50.36,6
Affiliates,mobile,2,6,467.5,1,25.91,1
Aggregators,desktop,40,2.19,121.7,28,669.05,2
Aggregators,mobile,41,2.42,170.93,25,809.48,15
Aggregators,tablet,1,2.5,102,1,16.37,0
Direct,desktop,29,4.21,147.94,1,145.68,6
Direct,mobile,101,2.5,110.23,2,28.44,19
Direct,tablet,2,6,115.5,0,0,1
Display,desktop,1,1,0,0,0,0
Email,desktop,13,2.23,39.15,1,18.55,1
Email,mobile,50,2.38,58.05,2,63.64,6
Email,tablet,1,3,58,0,0,0
Organic Search,desktop,66,1.71,33.64,0,0,3
Organic Search,mobile,237,1.49,88.9,1,26.14,6
Organic Search,tablet,4,1,0,0,0,0
Paid Search,desktop,53,2.81,56.02,3,37.07,15
Paid Search,mobile,284,2.97,148.75,8,264.7,141
Paid Search,tablet,4,5.5,421.83,0,0,4
Paid Social,mobile,11,5.91,156.82,0,0,5
Referral,desktop,12,3,271.67,1,47.98,3
Referral,mobile,11,2.64,82.57,0,0,5
Social,mobile,4,3.25,256.25,0,0,2
Social,tablet,1,1,0,0,0,0
(Other),desktop,1,1,0,0,0,0
(Other),mobile,2,1.67,75.67,0,0,0
Affiliates,desktop,4,7,287.6,1,8.77,3
Affiliates,mobile,8,4.55,359.64,2,204.94,6
Aggregators,desktop,21,2.1,217.31,7,121.71,5
Aggregators,mobile,43,2.03,151.6,14,363.26,12
Direct,desktop,29,2.48,67.84,0,0,4
Direct,mobile,85,2.37,115.44,2,44.26,16
Direct,tablet,2,1,0,0,0,1
Display,desktop,1,6,229,0,0,1
Email,desktop,11,1.55,135.73,0,0,0
Email,mobile,41,2.34,82.94,1,12.2,6
Organic Search,desktop,77,1.57,50.97,0,0,5
Organic Search,mobile,204,1.35,68.01,2,58.85,5
Organic Search,tablet,3,2.33,458,0,0,0
Paid Search,desktop,55,2.64,93.44,1,28.68,16
Paid Search,mobile,311,3.68,178.51,19,424.9,193
Paid Search,tablet,3,6,273,0,0,1
Paid Social,mobile,6,3.5,68.83,0,0,3
Referral,desktop,10,2.85,136.38,3,62.47,2
Referral,mobile,17,2.35,81.74,2,46,9
Social,desktop,1,8,104,0,0,1
Social,mobile,7,1.89,35.22,0,0,2
(Other),desktop,2,2,42,0,0,0
(Other),mobile,1,1,0,0,0,0
Affiliates,desktop,8,4.5,289.75,2,19.63,5
Affiliates,mobile,2,15,333.5,1,143.16,2
Aggregators,desktop,24,2.11,123.73,19,596.9,0
Aggregators,mobile,46,2.42,152.8,22,1275.64,17
Aggregators,tablet,1,1.67,116.33,2,140.04,0
Direct,desktop,50,2.68,88.3,1,35.14,6
Direct,mobile,104,2.59,172.07,2,40.05,21
Direct,tablet,2,4.5,895.5,0,0,1
Display,desktop,1,4,195,0,0,1
Email,desktop,6,3.33,344.67,1,9.71,1
Email,mobile,50,1.66,61.29,0,0,6
Organic Search,desktop,65,1.96,105.45,5,643.89,8
Organic Search,mobile,225,1.43,60.89,2,31.84,12
Organic Search,tablet,6,1.75,20.5,0,0,1
Paid Search,desktop,42,2.84,192.96,3,72.63,9
Paid Search,mobile,285,2.86,99.47,4,79.79,144
Paid Search,tablet,2,4.5,218.5,0,0,2
Paid Social,mobile,8,6.56,265.67,1,22.48,7
Paid Social,tablet,1,4,159,0,0,1
Referral,desktop,8,2.89,268.33,0,0,3
Referral,mobile,10,2.91,213.09,0,0,9
Social,mobile,2,5,317,2,27.36,1
Social,tablet,1,2,16,0,0,0
(Other),desktop,1,1,0,0,0,0
Affiliates,desktop,1,11,730,1,14.58,1
Affiliates,mobile,4,7,179.8,1,13.06,3
Aggregators,desktop,23,2.33,141.15,16,512.51,1
Aggregators,mobile,27,2.41,163.9,13,207.45,5
Direct,desktop,32,11.73,196.24,0,0,10
Direct,mobile,96,2.85,122.5,4,80.61,29
Direct,tablet,3,3,54.33,0,0,1
Email,desktop,6,1.5,67.17,0,0,0
Email,mobile,50,1.29,50.62,0,0,1
Organic Search,desktop,55,2.21,168.79,0,0,1
Organic Search,mobile,256,1.34,56.79,0,0,10
Organic Search,tablet,3,1.33,331.33,0,0,0
Paid Search,desktop,35,2.58,111.66,1,31.44,10
Paid Search,mobile,221,3.32,125.33,7,120.72,112
Paid Search,tablet,1,8,1382,0,0,1
Paid Social,mobile,13,3.31,117.62,0,0,7
Referral,desktop,4,1.8,332.6,0,0,0
Referral,mobile,7,4.29,331.86,1,10.48,6
Social,mobile,5,1.71,36.71,0,0,1
Affiliates,desktop,4,5.6,268,3,35.23,2
Affiliates,mobile,2,1,0,0,0,0
Aggregators,desktop,24,2.11,221.86,12,455.88,2
Aggregators,mobile,18,2.62,176.35,7,351.05,7
Direct,desktop,27,3.33,202.83,0,0,6
Direct,mobile,75,2.08,146.81,2,41.51,13
Direct,tablet,4,2.6,125.4,0,0,0
Email,desktop,8,3.13,438.5,1,11.61,1
Email,mobile,53,1.75,42.61,1,37.63,1
Organic Search,desktop,72,1.52,32.82,1,19.13,3
Organic Search,mobile,227,1.49,47.13,1,25.09,11
Organic Search,tablet,2,1,0,0,0,0
Paid Search,desktop,27,3.26,161.88,1,136.44,9
Paid Search,mobile,202,3.3,144.87,5,239.47,94
Paid Search,tablet,1,3,166,0,0,1
Paid Social,desktop,1,2,20,0,0,1
Paid Social,mobile,6,4.17,157.17,0,0,4
Referral,desktop,4,9,990.6,1,26.75,3
Referral,mobile,8,3.88,116.88,0,0,4
Social,mobile,5,5.2,155.6,0,0,4
(Other),mobile,1,1,0,0,0,0
Affiliates,desktop,6,7.5,516.17,4,103.62,4
Affiliates,mobile,7,4.57,97,2,33.68,3
Aggregators,desktop,21,1.88,184.21,14,376.13,0
Aggregators,mobile,31,2.28,175.64,14,308.27,10
Aggregators,tablet,1,2,161,0,0,0
Direct,desktop,21,2.23,180,0,0,4
Direct,mobile,77,2.75,112.79,2,273.9,23
Display,desktop,1,3,136,0,0,1
Email,desktop,3,1.33,21.33,0,0,0
Email,mobile,30,2.15,125.24,3,29.67,5
Organic Search,desktop,25,1.62,29,0,0,1
Organic Search,mobile,184,1.37,55.38,3,36.95,5
Organic Search,tablet,2,1,0,0,0,0
Paid Search,desktop,12,4.17,165.5,0,0,5
Paid Search,mobile,147,3.71,130.29,12,206.31,66
Paid Search,tablet,2,13,621,1,25.25,2
Paid Social,mobile,13,4.93,136.43,0,0,7
Referral,mobile,11,3.25,265.67,1,8.92,7
Social,mobile,2,1.5,1,0,0,1
Affiliates,desktop,2,10,740,2,65.02,2
Affiliates,mobile,7,5.75,253.88,4,29.92,4
Aggregators,desktop,30,2.18,123.4,21,626.36,3
Aggregators,mobile,39,2.56,159.57,23,471.8,11
Direct,desktop,30,3.69,183.06,3,49.78,9
Direct,mobile,74,2.61,141.3,4,69.44,18
Email,desktop,6,1.75,98.13,1,16.36,0
Email,mobile,38,1.57,98.27,1,14.31,3
Organic Search,desktop,28,1.45,49.03,0,0,1
Organic Search,mobile,226,1.58,77.98,2,40.29,12
Organic Search,tablet,1,1,0,0,0,0
Paid Search,desktop,23,2.56,123.88,1,10.92,6
Paid Search,mobile,163,3.28,128.07,6,154.33,94
Paid Search,tablet,1,2,5,0,0,1
Paid Social,mobile,10,4.91,283.64,0,0,7
Referral,desktop,1,5,33,0,0,0
Referral,mobile,17,4.8,241.85,0,0,15
Social,desktop,1,3,37,0,0,0
Social,mobile,1,3,7,0,0,1
(Other),mobile,3,1.33,0.67,0,0,1
Affiliates,desktop,6,9.83,440.83,5,57.12,6
Affiliates,mobile,5,1.6,23.4,0,0,1
Aggregators,desktop,38,2.18,133.01,29,1395.62,3
Aggregators,mobile,44,2.14,134.31,20,381.57,12
Aggregators,tablet,2,2,165.75,1,24.27,0
Direct,desktop,40,3.21,173.58,2,62.5,10
Direct,mobile,88,2.14,88.7,5,49.3,19
Direct,tablet,2,5,611.5,0,0,1
Display,desktop,1,1,0,0,0,0
Email,desktop,19,1.53,71.95,0,0,1
Email,mobile,56,2.16,148.89,1,9.74,10
Organic Search,desktop,77,1.58,41.56,2,47.48,4
Organic Search,mobile,296,1.49,52.46,1,12.8,15
Organic Search,tablet,1,2,14,0,0,0
Paid Search,desktop,44,3.61,210.22,5,138.84,12
Paid Search,mobile,244,2.65,126.69,10,348.3,106
Paid Search,tablet,5,3.6,396.4,0,0,3
Paid Social,mobile,15,4.07,119.73,0,0,11
Referral,desktop,14,2.38,104.88,0,0,2
Referral,mobile,9,4,177.67,1,16.01,7
Social,desktop,1,1,0,0,0,0
Social,mobile,1,6,116,0,0,1
Affiliates,desktop,7,5.43,303.86,3,60.02,2
Affiliates,mobile,8,5.5,269.38,1,16.89,5
Aggregators,desktop,30,2.23,179.3,20,737.34,5
Aggregators,mobile,31,2.07,172.8,11,440.65,10
Aggregators,tablet,2,6.5,389.5,3,28.23,1
Direct,desktop,46,3.23,120.44,1,24.56,13
Direct,mobile,95,2.68,149.11,4,83.33,27
Display,desktop,1,1,0,0,0,0
Email,desktop,8,1.13,89.38,0,0,0
Email,mobile,46,1.67,91.72,0,0,3
Email,tablet,1,1,0,0,0,0
Organic Search,desktop,71,1.34,82.12,0,0,4
Organic Search,mobile,243,1.29,58.23,5,83.64,6
Organic Search,tablet,2,2,12.5,0,0,0
Paid Search,desktop,51,3.3,135.4,4,381.75,21
Paid Search,mobile,239,3.02,113.04,12,460.8,109
Paid Search,tablet,2,1,0,0,0,0
Paid Social,mobile,9,3.9,162.1,1,11.12,3
Referral,desktop,6,3.13,45.25,0,0,0
Referral,mobile,15,3.19,135.25,0,0,9
Social,mobile,4,1,0,0,0,0
(Other),mobile,1,3,85,0,0,1
Affiliates,desktop,10,9,304.2,7,86.26,9
Affiliates,mobile,5,5.67,406.17,1,12.18,3
Aggregators,desktop,43,2.01,130.15,24,997.09,2
Aggregators,mobile,38,2.78,178.15,20,547.79,13
Aggregators,tablet,1,5,493,1,8.15,0
Direct,desktop,33,3.81,345.42,0,0,5
Direct,mobile,107,2.18,100.77,6,106.2,18
Direct,tablet,1,11,1144,1,19.47,0
Email,desktop,24,1.42,18.96,0,0,1
Email,mobile,122,1.58,77.08,3,48.74,5
Email,tablet,1,1,0,0,0,0
Organic Search,desktop,65,1.61,105.29,0,0,2
Organic Search,mobile,229,1.38,63.73,3,45.36,6
Organic Search,tablet,3,2,38.33,0,0,0
Paid Search,desktop,56,2.3,91.23,4,52.54,10
Paid Search,mobile,231,2.59,119.03,7,194.73,97
Paid Search,tablet,6,1.67,76.17,0,0,1
Paid Social,desktop,1,1,0,0,0,0
Paid Social,mobile,12,3,69,0,0,7
Paid Social,tablet,1,1,0,0,0,0
Referral,desktop,5,1.6,18.6,0,0,0
Referral,mobile,9,6.73,270.91,3,34.12,8
Social,mobile,2,11.5,610,0,0,1
(Other),mobile,1,2,28,0,0,0
Affiliates,desktop,11,6.09,312.27,6,64.96,8
Affiliates,mobile,7,2.78,34.67,0,0,3
Aggregators,desktop,34,2.3,152.41,26,825.02,6
Aggregators,mobile,43,2.8,180.33,34,842.06,16
Aggregators,tablet,1,2.5,204.5,1,109.32,0
Direct,desktop,23,3.38,220.63,3,85.15,6
Direct,mobile,94,2.38,138.29,6,127.63,27
Direct,tablet,2,1.5,0,0,0,0
Email,desktop,14,2.57,66.57,0,0,1
Email,mobile,70,1.4,25.38,0,0,6
Organic Search,desktop,44,2.43,116.82,1,25.22,5
Organic Search,mobile,239,1.54,63.33,4,69.13,6
Paid Search,desktop,46,2.54,83.24,5,128.68,9
Paid Search,mobile,213,3.06,115.74,13,263.3,107
Paid Search,tablet,4,3.14,130.86,0,0,4
Paid Social,mobile,9,4.22,96,1,14.95,5
Referral,desktop,8,2.5,260.88,0,0,3
Referral,mobile,14,5.71,288.43,6,83.23,11
(Other),mobile,3,1.67,46.33,0,0,2
Affiliates,desktop,5,8.6,412.8,4,39.46,5
Affiliates,mobile,1,1,0,0,0,0
Aggregators,desktop,21,2.92,206.69,13,580.03,4
Aggregators,mobile,29,2.45,145.41,25,333.72,7
Direct,desktop,18,3.26,210.37,1,11.63,1
Direct,mobile,85,2.22,155.26,0,0,28
Direct,tablet,4,2.75,7,0,0,0
Email,desktop,6,1.17,22,0,0,0
Email,mobile,47,1.91,111.07,1,11.88,6
Organic Search,desktop,32,1.53,61.76,0,0,2
Organic Search,mobile,238,1.34,65.63,1,12.44,11
Organic Search,tablet,3,1,0,0,0,0
Paid Search,desktop,20,2.78,148.43,0,0,8
Paid Search,mobile,173,3.52,170.11,15,209.97,91
Paid Search,tablet,2,0.67,2.33,0,0,1
Paid Social,mobile,7,2.56,35.44,0,0,3
Referral,desktop,3,3.17,531.33,0,0,0
Referral,mobile,16,3.84,154.37,4,63.41,13
(Other),mobile,1,2,3,0,0,0
Affiliates,desktop,2,10.5,712,2,27.11,2
Affiliates,mobile,7,5.5,286.25,1,29.38,6
Aggregators,desktop,14,2.48,86.68,7,157.91,4
Aggregators,mobile,37,1.83,132.54,11,489.51,6
Direct,desktop,20,2.86,107.14,3,248.52,3
Direct,mobile,65,2.32,83.23,1,21.39,24
Direct,tablet,1,8,224,1,56.81,0
Email,desktop,6,2.83,71.83,1,11.83,1
Email,mobile,33,2.08,253.71,1,26.53,7
Organic Search,desktop,19,1.7,77.04,0,0,1
Organic Search,mobile,208,1.34,66.83,1,47.82,6
Organic Search,tablet,2,1,0,0,0,0
Paid Search,desktop,22,3.16,132.36,1,11.92,4
Paid Search,mobile,147,3.3,133.54,8,419.44,84
Paid Search,tablet,1,6.5,619.5,0,0,1
Paid Social,mobile,16,4.38,193.19,0,0,13
Referral,desktop,6,1,14.67,0,0,0
Referral,mobile,11,3,175.5,0,0,7
Social,desktop,1,1,0,0,0,0
Social,mobile,3,3.5,82.5,0,0,2
(Other),mobile,1,5,121,0,0,1
Affiliates,desktop,9,8,572.56,6,63.51,7
Affiliates,mobile,1,1,0,0,0,0
Aggregators,desktop,16,2.03,180.06,9,235.06,2
Aggregators,mobile,21,2.94,154.3,6,162.27,8
Aggregators,tablet,1,1,1770,0,0,0
Direct,desktop,16,8.06,171.11,0,0,5
Direct,mobile,60,2,45.2,1,13.67,11
Email,desktop,1,0,0,0,0,0
Email,mobile,38,2.11,81.57,2,22.5,3
Email,tablet,1,1,0,0,0,0
Organic Search,desktop,20,2.5,78.45,0,0,4
Organic Search,mobile,232,1.32,57.82,0,0,7
Organic Search,tablet,3,1,0,0,0,0
Paid Search,desktop,15,2.12,48.24,0,0,4
Paid Search,mobile,177,3.15,124.36,8,139.63,93
Paid Search,tablet,5,4.17,173.33,0,0,4
Paid Social,mobile,7,2.86,78.43,0,0,3
Referral,desktop,1,9,78,0,0,0
Referral,mobile,7,3.25,78,0,0,6
Social,mobile,2,1,0,0,0,0
(Other),mobile,1,7,662,0,0,1
(Other),tablet,1,1,0,0,0,1
Affiliates,desktop,7,8.86,683.43,6,64.06,6
Affiliates,mobile,4,5,174.75,0,0,3
Aggregators,desktop,16,2.74,236.67,11,352.79,4
Aggregators,mobile,36,1.72,147.67,10,237.14,5
Direct,desktop,28,4.07,111.76,6,131.77,8
Direct,mobile,95,2.79,126.07,5,78.67,29
Email,desktop,6,1.33,28,0,0,0
Email,mobile,46,1.96,92.27,1,23.83,5
Organic Search,desktop,41,1.55,67.2,0,0,1
Organic Search,mobile,264,1.36,56.53,3,55.48,11
Organic Search,tablet,2,1.5,12,0,0,0
Paid Search,desktop,29,2.78,164.44,3,32.11,12
Paid Search,mobile,267,3.27,137.59,10,289.6,156
Paid Search,tablet,8,5.44,245.33,0,0,8
Paid Social,mobile,13,5,133.69,1,18.24,8
Referral,desktop,3,6,300,1,31.01,0
Referral,mobile,14,4.43,373.81,2,24.82,11
Social,mobile,2,2.67,86.67,0,0,2
(Other),mobile,4,5.4,185.4,0,0,4
(Other),tablet,1,2,80,0,0,1
Affiliates,desktop,6,2.83,348.17,1,18.16,2
Affiliates,mobile,3,4.6,273,1,16.55,3
Aggregators,desktop,35,2.73,195.89,24,1020.9,3
Aggregators,mobile,50,2.73,143.2,32,461.08,13
Aggregators,tablet,1,7,490,1,7.6,1
Direct,desktop,45,3.24,166.09,1,16.88,5
Direct,mobile,131,2.52,101.72,8,123.65,33
Direct,tablet,4,3,251.8,1,15.33,1
Display,desktop,1,1,0,0,0,0
Display,mobile,1,1,0,0,0,0
Email,desktop,14,1.63,98.81,0,0,1
Email,mobile,65,1.96,62.55,2,25.2,3
Email,tablet,2,2,149.67,0,0,2
Organic Search,desktop,76,2.38,103.12,7,263.44,7
Organic Search,mobile,260,1.28,42.08,0,0,5
Organic Search,tablet,7,1.44,17,0,0,0
Paid Search,desktop,55,2.96,142.11,2,29.3,23
Paid Search,mobile,370,3.08,144.62,18,826.87,199
Paid Search,tablet,5,2.6,76.2,0,0,2
Paid Social,mobile,10,2.73,125.27,0,0,3
Paid Social,tablet,1,1,0,0,0,0
Referral,desktop,4,9.6,296.6,0,0,3
Referral,mobile,17,5.64,203.2,1,15.1,18
Social,mobile,3,7,801.33,0,0,1
(Other),mobile,4,3,53,0,0,2
Affiliates,desktop,5,5,127.8,0,0,1
Affiliates,mobile,4,5.25,88.75,1,12.75,3
Aggregators,desktop,30,2.16,126.44,18,666.69,2
Aggregators,mobile,44,2.53,124.31,25,813.38,10
Aggregators,tablet,2,2.5,165,2,87.09,0
Direct,desktop,38,4.44,213.93,2,204.33,10
Direct,mobile,121,2.45,151.43,3,32.66,30
Direct,tablet,1,3.5,48,0,0,1
Display,mobile,1,1,0,0,0,0
Email,desktop,7,3.14,70,1,11.19,2
Email,mobile,62,2.18,151.57,4,52.89,6
Email,tablet,1,1,0,0,0,0
Organic Search,desktop,53,1.9,115.73,1,19.11,3
Organic Search,mobile,277,1.44,52.8,2,17.9,7
Organic Search,tablet,4,1.2,9.2,0,0,0
Paid Search,desktop,58,2.75,116.72,6,95.31,16
Paid Search,mobile,289,2.8,102.95,10,153.31,139
Paid Search,tablet,6,4.5,319.63,0,0,4
Paid Social,mobile,10,2.09,47.55,0,0,3
Referral,desktop,11,4.46,157.69,0,0,3
Referral,mobile,16,3.29,110.67,2,39.24,13
Social,mobile,3,1.33,17,0,0,1
(Other),mobile,6,6.29,421.57,0,0,6
Affiliates,desktop,16,6.06,288.06,7,89.16,10
Affiliates,mobile,3,4,132.5,0,0,1
Aggregators,desktop,24,2.03,133.36,11,162.2,1
Aggregators,mobile,25,2.6,187.96,12,624.8,12
Aggregators,tablet,1,2,90.5,0,0,2
Direct,desktop,41,2.71,101.67,1,11.89,10
Direct,mobile,111,1.9,148.3,1,25.03,25
Email,desktop,4,1.25,0.75,0,0,0
Email,mobile,39,1.98,137.62,1,35.91,2
Email,tablet,1,2,20,0,0,0
Organic Search,desktop,72,1.99,83.06,1,15.78,7
Organic Search,mobile,274,1.64,63.8,2,35.93,18
Organic Search,tablet,4,1.25,20.5,0,0,0
Paid Search,desktop,50,4.21,134.71,7,235.71,21
Paid Search,mobile,261,2.69,79.3,8,134.13,134
Paid Search,tablet,5,3.33,90.33,0,0,3
Paid Social,mobile,9,1.1,3.2,0,0,1
Paid Social,tablet,1,1,0,0,0,0
Referral,desktop,9,3.11,68,0,0,4
Referral,mobile,14,1.81,70.71,0,0,14
Social,mobile,2,1.5,1,0,0,1
Social,tablet,1,6,193,0,0,1
(Other),mobile,5,3.17,81.33,0,0,3
(Other),tablet,1,1,0,0,0,1
Affiliates,desktop,6,8.5,519.67,5,54.88,5
Affiliates,mobile,3,6,374.33,2,38.3,1
Aggregators,desktop,15,2.07,101.61,9,108.09,2
Aggregators,mobile,38,2.15,163.89,21,641.6,7
Aggregators,tablet,2,2.67,454.33,1,16.86,0
Direct,desktop,40,3.3,96.09,2,30.75,7
Direct,mobile,115,2.1,76.96,2,156.86,19
Direct,tablet,1,3,9,0,0,0
Email,desktop,13,1.73,48.33,0,0,0
Email,mobile,51,1.86,93.33,0,0,2
Email,tablet,1,1,0,0,0,0
Organic Search,desktop,58,2.59,202.47,3,37.66,10
Organic Search,mobile,231,1.48,55.36,0,0,8
Organic Search,tablet,4,1.4,3.8,0,0,0
Paid Search,desktop,29,1.97,172.08,2,252.24,8
Paid Search,mobile,318,3.15,127.2,9,132.09,201
Paid Search,tablet,3,1.67,27,0,0,1
Paid Social,mobile,10,5.9,256.2,2,44.8,4
Paid Social,tablet,1,1,0,0,0,0
Referral,desktop,5,3.4,23.2,0,0,2
Referral,mobile,15,5.82,518,4,78.87,12
Social,mobile,4,2.5,140.25,0,0,0
(Other),mobile,6,2.86,105.14,0,0,5
(Other),tablet,1,6,204,0,0,1
Affiliates,desktop,4,5.5,125,2,23.19,2
Affiliates,mobile,5,3.8,88.6,0,0,3
Aggregators,desktop,12,2.63,167.58,7,105.09,2
Aggregators,mobile,29,3.73,247.84,18,379.18,13
Aggregators,tablet,1,0,0,0,0,0
Direct,desktop,14,3.13,45.07,0,0,2
Direct,mobile,62,2.6,133.24,6,114.87,19
Display,tablet,1,1,0,0,0,0
Email,desktop,3,2.5,73.75,0,0,0
Email,mobile,54,1.92,106.26,1,16.13,8
Organic Search,desktop,37,2.08,71.45,2,32.79,4
Organic Search,mobile,243,1.36,72.44,1,10.84,9
Organic Search,tablet,4,1,0,0,0,0
Paid Search,desktop,19,2.73,102,1,13.38,7
Paid Search,mobile,258,3.05,125.42,11,234.63,145
Paid Search,tablet,3,2.33,66.67,0,0,1
Paid Social,mobile,13,5.53,141.47,3,40.45,9
Referral,desktop,2,1,0,0,0,0
Referral,mobile,14,4.88,281.69,5,76.54,12
(Other),mobile,4,2.75,55.75,0,0,3
Affiliates,desktop,4,4.5,156.5,1,18.55,2
Affiliates,mobile,4,5.83,252,1,30.9,3
Aggregators,desktop,13,2.41,217.23,11,225.25,1
Aggregators,mobile,27,2.75,211.93,14,486.59,4
Direct,desktop,17,4.82,324.65,3,78.14,2
Direct,mobile,76,2.58,113.97,3,88.87,22
Direct,tablet,1,5,33,0,0,1
Email,desktop,4,2.33,201.67,0,0,1
Email,mobile,43,3.13,145.64,2,166,12
Email,tablet,1,1,0,0,0,0
Organic Search,desktop,36,1.8,139.46,1,24.19,2
Organic Search,mobile,226,1.53,41.3,1,16.52,15
Organic Search,tablet,1,1,0,0,0,0
Paid Search,desktop,30,3.32,153.95,0,0,14
Paid Search,mobile,216,3.42,131.62,12,267.76,136
Paid Search,tablet,3,2.33,54.67,0,0,2
Paid Social,mobile,13,3.31,97.92,0,0,3
Paid Social,tablet,2,1,0,0,0,0
Referral,desktop,2,2,1,0,0,0
Referral,mobile,12,3.58,198.5,0,0,8
Social,desktop,2,1,0,0,0,0
Social,mobile,3,1,0,0,0,0
(Other),desktop,2,1.5,4,0,0,0
(Other),mobile,1,8,300,0,0,1
Affiliates,desktop,4,5,76.75,2,26.4,2
Affiliates,mobile,8,3.73,121.45,0,0,8
Aggregators,desktop,26,2.86,191.04,27,943.23,2
Aggregators,mobile,39,2.81,144.41,24,680.58,13
Aggregators,tablet,1,3,311.5,1,9.28,0
Direct,desktop,29,4.03,187.12,1,16.63,9
Direct,mobile,103,1.98,49.58,1,11.24,19
Direct,tablet,1,9,388,0,0,1
Display,desktop,1,1,0,0,0,0
Email,desktop,12,1.5,11.57,0,0,1
Email,mobile,70,1.82,120.46,2,27.01,8
Email,tablet,1,1,0,0,0,0
Organic Search,desktop,54,1.4,53.77,0,0,2
Organic Search,mobile,279,1.33,54,1,12.98,16
Organic Search,tablet,2,1,0,0,0,0
Paid Search,desktop,48,3.07,111.31,1,19.26,17
Paid Search,mobile,253,2.96,118.96,6,217.63,133
Paid Search,tablet,4,3.8,327.8,0,0,1
Paid Social,mobile,11,2.92,64.08,0,0,5
Paid Social,tablet,1,1,0,0,0,0
Referral,desktop,5,3.6,624.8,2,19.08,1
Referral,mobile,19,5.71,333.57,1,9.22,13
Social,desktop,1,1,0,0,0,0
Social,mobile,3,2.67,43,0,0,1
(Other),mobile,3,1.75,86.25,0,0,3
Affiliates,desktop,9,5.7,198,3,120.75,3
Affiliates,mobile,7,5,260.63,1,10.85,5
Aggregators,desktop,26,2.48,197.87,13,162.93,2
Aggregators,mobile,37,2.91,202.62,28,684.14,12
Direct,desktop,32,3.06,221.52,1,27.92,4
Direct,mobile,92,2.03,76.84,3,62.36,13
Direct,tablet,1,6,26,0,0,0
Display,mobile,1,1,0,0,0,0
Email,desktop,6,2.83,53.5,0,0,1
Email,mobile,47,1.82,139.03,0,0,4
Email,tablet,2,4,867.33,0,0,0
Organic Search,desktop,67,2.13,105.47,0,0,8
Organic Search,mobile,253,1.34,41.41,1,25.1,14
Organic Search,tablet,5,2.17,147.67,0,0,0
Paid Search,desktop,44,2.06,86.49,2,41.87,7
Paid Search,mobile,215,2.73,124.75,11,162.21,95
Paid Search,tablet,6,4.29,124,0,0,2
Paid Social,mobile,8,2,32.75,0,0,2
Paid Social,tablet,1,1,0,0,0,0
Referral,desktop,5,4.2,243.2,2,41.94,1
Referral,mobile,15,4.95,268.68,0,0,11
Social,mobile,1,1,0,0,0,0
(Other),desktop,1,4,172,0,0,1
(Other),mobile,3,3,102,0,0,3
(Other),tablet,1,5,186,0,0,1
Affiliates,desktop,2,4,87,0,0,2
Affiliates,mobile,5,3.2,66.4,0,0,3
Aggregators,desktop,27,2.55,209.7,17,431.1,5
Aggregators,mobile,46,2.32,157.83,29,501.57,6
Direct,desktop,30,3.91,249.18,7,79.15,6
Direct,mobile,84,2.54,113.31,3,59.22,19
Email,desktop,12,1.5,259.14,0,0,0
Email,mobile,61,2.76,175.03,2,39.12,11
Email,tablet,1,1,0,0,0,0
Organic Search,desktop,73,1.84,54.97,2,79.3,3
Organic Search,mobile,240,1.41,56.78,0,0,13
Organic Search,tablet,1,1,0,0,0,0
Paid Search,desktop,53,2.44,79.67,2,20.51,12
Paid Search,mobile,247,2.5,104.08,13,490.14,99
Paid Search,tablet,13,1.43,22.36,0,0,3
Paid Social,mobile,15,4.5,133.06,8,95.08,8
Paid Social,tablet,1,1,0,0,0,0
Referral,desktop,3,2.33,59.33,0,0,1
Referral,mobile,8,4.44,303.44,2,80.27,5
Social,mobile,2,1,0,0,0,0
(Other),mobile,5,4.33,147.5,0,0,4
Affiliates,desktop,4,5.5,505,1,11.5,2
Affiliates,mobile,6,6,617.14,3,40.64,5
Aggregators,desktop,18,2.07,103.36,7,192.6,2
Aggregators,mobile,27,3.21,206.43,19,275.71,7
Direct,desktop,39,3.51,125.73,2,49.52,9
Direct,mobile,88,2.44,116.43,4,114.21,16
Email,desktop,5,2.6,84,0,0,1
Email,mobile,55,2.5,99.87,1,17.34,8
Organic Search,desktop,68,1.93,97.74,1,15.78,7
Organic Search,mobile,223,1.66,44.48,6,78.16,12
Paid Search,desktop,43,1.47,25.85,1,32.66,7
Paid Search,mobile,179,2.68,118.31,3,33.55,79
Paid Search,tablet,2,6.33,360.33,0,0,2
Paid Social,mobile,13,2.2,51.67,0,0,3
Paid Social,tablet,1,1,0,0,0,0
Referral,desktop,10,2.6,178.07,0,0,1
Referral,mobile,26,3.63,138.74,2,24.95,11
Social,mobile,3,4.67,180.67,0,0,1
(Other),desktop,1,1,9,0,0,1
(Other),mobile,4,4,86.5,0,0,4
Affiliates,mobile,6,3,391.43,0,0,1
Aggregators,desktop,21,2.65,220.89,17,575.74,2
Aggregators,mobile,34,2.03,115.59,11,740.73,11
Direct,desktop,42,3.33,119.24,3,73.2,3
Direct,mobile,85,2.24,98.91,2,23.06,18
Direct,tablet,1,1,0,0,0,0
Email,desktop,6,3.33,160.5,2,20.71,1
Email,mobile,47,2.24,60.76,2,29.17,7
Organic Search,desktop,56,1.89,109.08,1,12.88,6
Organic Search,mobile,225,1.41,71.7,1,10.25,4
Organic Search,tablet,5,1.4,296,0,0,0
Paid Search,desktop,31,2.41,62.18,1,18.53,7
Paid Search,mobile,159,2.54,90.9,3,54.29,67
Paid Search,tablet,4,1.5,19.25,0,0,1
Paid Social,desktop,1,1,0,0,0,0
Paid Social,mobile,12,4.23,146.08,0,0,9
Referral,desktop,5,3.5,112.67,0,0,4
Referral,mobile,19,4.04,295.12,5,107.93,17
Social,mobile,1,5,295,0,0,1
(Other),mobile,6,4.17,201,0,0,5
Affiliates,desktop,1,1,0,0,0,0
Affiliates,mobile,1,8,617,0,0,1
Aggregators,desktop,12,2,196.32,6,377.1,0
Aggregators,mobile,24,3.38,215.47,14,259.24,10
Aggregators,tablet,1,2.5,110,1,15.64,0
Direct,desktop,21,5.48,149.29,3,37.02,5
Direct,mobile,71,2.24,58.85,3,209.57,16
Direct,tablet,1,7,186,0,0,0
Display,tablet,1,6,165,0,0,1
Email,desktop,3,3,123.33,0,0,0
Email,mobile,35,1.49,76.15,0,0,5
Organic Search,desktop,30,1.53,57.27,0,0,1
Organic Search,mobile,220,1.41,37.71,2,29.45,9
Organic Search,tablet,2,1,0,0,0,0
Paid Search,desktop,11,3.77,266.77,0,0,4
Paid Search,mobile,150,3.09,137.64,9,196.06,81
Paid Search,tablet,1,7,161,0,0,1
Paid Social,mobile,13,3.23,148.23,0,0,5
Referral,desktop,7,2.29,68.29,0,0,4
Referral,mobile,9,2.36,93.18,1,33.28,7
Social,mobile,2,2.5,26,0,0,1
(Other),mobile,6,4.83,323,0,0,5
(Other),tablet,1,1,0,0,0,1
Affiliates,desktop,1,0,0,0,0,0
Affiliates,mobile,5,3,79.71,1,13.08,2
Aggregators,desktop,15,2.54,185.5,11,228.85,2
Aggregators,mobile,25,3.85,165.85,10,190.32,8
Aggregators,tablet,3,1.6,37.4,1,107.28,0
Direct,desktop,8,2.33,44.11,0,0,2
Direct,mobile,53,2.93,181.76,2,568.79,16
Direct,tablet,2,7.5,263,0,0,2
Email,desktop,5,1,0,0,0,0
Email,mobile,30,1.97,94.53,0,0,4
Organic Search,desktop,32,1.29,35.74,0,0,1
Organic Search,mobile,239,1.32,32.06,0,0,11
Organic Search,tablet,3,1.67,48.33,0,0,0
Paid Search,desktop,17,3.11,121.56,1,28.5,6
Paid Search,mobile,166,2.89,128.05,9,148.91,78
Paid Search,tablet,3,6,668.75,1,34.25,3
Paid Social,mobile,20,3.9,113.9,0,0,11
Paid Social,tablet,1,1,0,0,0,0
Referral,desktop,3,6.33,266,1,19.35,2
Referral,mobile,10,2.36,214.82,0,0,6
Social,mobile,2,1.5,2.5,0,0,0
(Other),mobile,6,5,236.33,0,0,6
Affiliates,desktop,7,6,205.29,3,44.25,2
Affiliates,mobile,9,4.18,242.64,0,0,6
Aggregators,desktop,28,2.33,213.84,16,275.35,3
Aggregators,mobile,31,2.61,197.32,24,707.44,12
Direct,desktop,51,4.15,215.53,4,87.7,15
Direct,mobile,92,2.21,99.8,2,41.31,21
Direct,tablet,1,4,2984,0,0,1
Display,desktop,1,1,0,0,0,0
Display,mobile,1,1,0,0,0,0
Email,desktop,6,3,451.14,0,0,1
Email,mobile,49,2.09,118.62,1,16.7,5
Organic Search,desktop,71,1.51,107.26,0,0,3
Organic Search,mobile,263,1.22,39.45,0,0,14
Organic Search,tablet,3,1,0,0,0,0
Paid Search,desktop,47,3.05,257.25,3,75.12,14
Paid Search,mobile,206,2.45,89.47,7,124.65,83
Paid Search,tablet,1,2,0,0,0,1
Paid Social,mobile,16,2.25,68.25,0,0,5
Referral,desktop,7,6.86,228.71,3,375.61,3
Referral,mobile,11,4.75,268.67,1,20.19,8
Social,mobile,1,1,0,0,0,0
(Other),mobile,9,5,154.44,0,0,7
Affiliates,desktop,4,1.5,5,0,0,0
Affiliates,mobile,5,4.6,97.4,0,0,3
Aggregators,desktop,23,2.09,167.49,18,992.42,1
Aggregators,mobile,31,2.98,306.67,17,289.47,10
Aggregators,tablet,1,2.5,355.5,1,5.58,0
Direct,desktop,40,2.26,202.67,1,10.49,0
Direct,mobile,102,1.83,69.24,1,6.47,13
Email,desktop,9,1.56,81.56,0,0,0
Email,mobile,61,1.59,58.76,0,0,5
Organic Search,desktop,83,1.91,77.11,1,6.73,4
Organic Search,mobile,220,1.51,79.58,2,190.87,15
Paid Search,desktop,46,2.92,118.38,3,47.59,19
Paid Search,mobile,187,2.77,112.48,10,173.45,76
Paid Search,tablet,2,2,834,0,0,1
Paid Social,mobile,23,3.88,134.96,0,0,13
Referral,desktop,7,5.22,168.78,0,0,2
Referral,mobile,19,2.18,115.18,0,0,7
Social,desktop,1,1,0,0,0,0
Social,mobile,1,1,0,0,0,0
Affiliates,desktop,5,4.8,619.2,3,57.81,1
Affiliates,mobile,4,3.6,421.6,2,36.19,1
Aggregators,desktop,17,2.03,111.48,9,757.46,6
Aggregators,mobile,22,2.6,178.28,13,404.36,8
Aggregators,tablet,1,2.5,168,1,11.1,0
Direct,desktop,33,4.79,258.44,6,109.49,9
Direct,mobile,88,2.39,166.82,6,350.11,21
Direct,tablet,1,6,96,0,0,0
Display,desktop,1,3,81,0,0,1
Email,desktop,8,1.1,6.7,0,0,0
Email,mobile,56,2.07,79.89,2,30.01,8
Email,tablet,1,1,0,0,0,0
Organic Search,desktop,65,1.77,164.15,1,10.92,2
Organic Search,mobile,234,1.26,46.96,0,0,3
Organic Search,tablet,2,1.5,36,0,0,0
Paid Search,desktop,46,2.48,64.48,0,0,12
Paid Search,mobile,229,2.65,110.69,9,175.88,109
Paid Search,tablet,3,1,0,0,0,0
Paid Social,mobile,6,2.86,275.71,0,0,1
Referral,desktop,4,1.33,20.5,0,0,1
Referral,mobile,15,2.56,154.69,0,0,9
Social,mobile,2,1.5,1,0,0,1
Affiliates,desktop,5,5.6,144.6,2,26,3
Affiliates,mobile,5,5.14,223,2,47.46,4
Aggregators,desktop,22,2.91,152.13,11,557.77,1
Aggregators,mobile,30,2.62,139.51,20,235.07,6
Direct,desktop,30,2.68,134.61,1,440.4,1
Direct,mobile,81,2.47,133.08,7,172.59,20
Direct,tablet,3,5.33,49.67,0,0,0
Email,desktop,4,1.5,259.75,0,0,0
Email,mobile,55,1.55,44.06,0,0,3
Organic Search,desktop,58,1.46,48.3,0,0,2
Organic Search,mobile,211,1.34,38.59,0,0,10
Organic Search,tablet,4,2,228.75,0,0,0
Paid Search,desktop,30,1.41,148.31,0,0,6
Paid Search,mobile,178,2.57,118.35,9,179.95,82
Paid Search,tablet,2,6,253.5,0,0,2
Referral,desktop,5,1,0,0,0,1
Referral,mobile,14,3.43,132.29,0,0,10
Social,mobile,1,1,0,0,0,0
Affiliates,desktop,3,9.67,295,3,41.86,2
Affiliates,mobile,5,2,284.6,0,0,0
Aggregators,desktop,31,2.35,124.47,19,447.09,5
Aggregators,mobile,26,2.33,157.62,10,459.71,11
Aggregators,tablet,2,2.33,208.33,4,44.39,0
Direct,desktop,37,4.49,247.44,2,31.81,13
Direct,mobile,93,2.54,126.52,8,153.43,23
Email,desktop,13,1.43,7.64,0,0,0
Email,mobile,46,2.19,77.7,2,35.93,3
Organic Search,desktop,56,1.64,92.02,1,9.7,3
Organic Search,mobile,230,1.32,56.14,0,0,3
Organic Search,tablet,3,1.67,43,0,0,0
Paid Search,desktop,50,2.4,261.4,1,252.48,15
Paid Search,mobile,228,3.33,133.65,16,285.24,112
Paid Search,tablet,5,1,0,0,0,1
Paid Social,mobile,1,1,0,0,0,0
Referral,desktop,3,7,326,0,0,2
Referral,mobile,12,3.15,99.62,2,65.37,8
(Other),mobile,1,1,0,0,0,0
Affiliates,desktop,5,9,350.4,4,44.66,5
Affiliates,mobile,4,10.75,706,3,46.22,4
Aggregators,desktop,14,2.31,105.62,9,215.78,1
Aggregators,mobile,32,2.57,110.69,21,248.6,15
Direct,desktop,24,14.04,128.75,0,0,3
Direct,mobile,61,2.22,146.63,2,47.74,6
Direct,tablet,1,1,0,0,0,0
Email,desktop,7,1,0,0,0,0
Email,mobile,45,1.67,89.23,0,0,1
Email,tablet,1,1,0,0,0,0
Organic Search,desktop,22,1.91,43.27,0,0,1
Organic Search,mobile,198,1.45,55.61,3,165.74,7
Organic Search,tablet,3,1,42,0,0,0
Paid Search,desktop,20,2.45,76.14,0,0,6
Paid Search,mobile,181,3.33,133.49,9,162,107
Referral,desktop,2,2.5,54.5,0,0,0
Referral,mobile,10,4.5,118.6,0,0,6
Referral,tablet,1,1,0,0,0,0
(Other),desktop,1,1,0,0,0,0
Affiliates,desktop,3,8.67,186,1,12.08,2
Affiliates,mobile,6,5.29,227.86,5,59.46,5
Aggregators,desktop,10,2.37,145.63,7,218.66,4
Aggregators,mobile,35,2.21,175.64,15,194.1,4
Direct,desktop,16,3.5,181.94,0,0,2
Direct,mobile,63,2.09,128.62,3,36.91,15
Email,desktop,5,1.8,8.2,0,0,1
Email,mobile,31,1.95,195.59,1,21.42,5
Organic Search,desktop,28,2.55,195.31,0,0,5
Organic Search,mobile,203,1.22,27.68,0,0,4
Organic Search,tablet,3,2,164.67,0,0,0
Paid Search,desktop,19,3.35,116.35,4,72.89,9
Paid Search,mobile,226,3.45,143.63,13,194.78,137
Paid Search,tablet,3,5.67,183,0,0,3
Referral,desktop,3,1.33,1.33,0,0,2
Referral,mobile,11,6.21,371.14,3,52.66,10
Affiliates,desktop,3,4,118.33,1,9.31,1
Affiliates,mobile,6,4.67,394.11,2,20.64,4
Aggregators,desktop,25,2.36,182.66,19,304.38,2
Aggregators,mobile,27,2.19,164.09,10,335.8,7
Direct,desktop,31,4.94,265.39,10,366.6,7
Direct,mobile,106,2.37,146.34,6,88.3,21
Email,desktop,11,1.67,11.25,0,0,0
Email,mobile,52,2.01,60.15,1,15.8,9
Organic Search,desktop,65,2.09,148.54,2,33.14,4
Organic Search,mobile,283,1.45,87.01,3,56.44,14
Organic Search,tablet,2,1,0,0,0,0
Paid Search,desktop,64,2.73,111.04,3,31.56,17
Paid Search,mobile,275,3.45,149.39,12,203.81,137
Paid Search,tablet,2,2,111.33,0,0,1
Referral,desktop,6,2,27.5,0,0,2
Referral,mobile,16,2.63,119.79,1,20.06,12
Social,mobile,1,2,168,0,0,0
(Other),mobile,2,5,174,0,0,1
Affiliates,desktop,6,4.5,112.83,1,14,4
Affiliates,mobile,3,2.75,61.5,0,0,1
Aggregators,desktop,27,2.46,196.98,18,1177.82,3
Aggregators,mobile,28,2.32,185.58,16,650.15,5
Aggregators,tablet,2,2.5,127.75,2,33.16,0
Direct,desktop,38,2.69,69.92,0,0,10
Direct,mobile,88,2.15,78.3,3,36.01,13
Direct,tablet,2,5,111,0,0,0
Display,desktop,1,1,0,0,0,0
Email,desktop,1,2,87,0,0,1
Email,mobile,51,1.61,73.44,0,0,2
Organic Search,desktop,68,1.65,54.87,1,17.67,4
Organic Search,mobile,247,1.35,46.73,4,73.27,10
Organic Search,tablet,3,4,130.33,0,0,1
Paid Search,desktop,43,2.81,147.3,4,64.38,13
Paid Search,mobile,224,3.13,149.91,9,120.3,117
Paid Search,tablet,5,2.75,148,0,0,4
Referral,desktop,10,2.64,103.09,1,26.06,2
Referral,mobile,11,2.55,100.27,1,17.82,6
Social,mobile,3,1,0,0,0,0
(Other),mobile,1,1,0,0,0,0
Affiliates,desktop,4,6.25,150.75,2,25.94,2
Affiliates,mobile,4,5.75,198.25,0,0,3
Aggregators,desktop,28,2.13,120.02,12,162.59,4
Aggregators,mobile,23,2.11,150.86,10,230.24,4
Aggregators,tablet,1,2.5,95.5,1,101.4,0
Direct,desktop,22,3.26,462.39,2,41.34,7
Direct,mobile,76,1.95,83.76,3,42.28,15
Direct,tablet,1,1.5,21,0,0,1
Email,desktop,10,3.9,115.1,3,39.15,1
Email,mobile,39,1.45,33.57,1,10.98,7
Email,tablet,2,1.67,124.67,0,0,0
Organic Search,desktop,59,2.09,141,0,0,3
Organic Search,mobile,231,1.49,46.17,1,7.46,11
Organic Search,tablet,2,3.5,747,1,36.78,0
Paid Search,desktop,55,1.84,113.71,1,19.71,11
Paid Search,mobile,245,3.39,156.19,11,493.12,117
Paid Search,tablet,2,8,210.5,0,0,1
Referral,desktop,5,1.36,213.36,0,0,0
Referral,mobile,13,3.88,433.5,0,0,9
Social,mobile,1,1,0,0,0,0
(Other),mobile,2,1,1,0,0,1
Affiliates,desktop,4,4.25,101.75,1,12.63,2
Affiliates,mobile,3,2.4,31.8,0,0,2
Aggregators,desktop,19,2.08,109.95,12,187.86,3
Aggregators,mobile,25,2.22,154.2,13,634.82,3
Direct,desktop,23,1.74,24.96,0,0,0
Direct,mobile,98,2.49,135.75,5,143.45,25
Direct,tablet,2,1,0,0,0,0
Email,desktop,6,2.5,71.83,0,0,1
Email,mobile,49,2.06,71.95,0,0,5
Organic Search,desktop,66,1.99,223.51,3,54.39,2
Organic Search,mobile,266,1.4,47.65,0,0,13
Paid Search,desktop,61,2.31,89.74,1,11.71,15
Paid Search,mobile,289,3.46,159.78,10,184.35,166
Paid Search,tablet,2,1.5,23.5,0,0,1
Paid Social,mobile,11,5.82,248.55,0,0,6
Referral,desktop,9,6,439.2,0,0,3
Referral,mobile,11,4.75,212.75,1,8.02,7
Social,mobile,5,6.8,160.8,1,17.51,3
(Other),mobile,5,2.8,140.8,0,0,3
Affiliates,desktop,4,6,216.6,2,21.04,3
Affiliates,mobile,1,1,0,0,0,0
Aggregators,desktop,20,2.4,200.66,12,158.04,4
Aggregators,mobile,24,2.12,148.6,16,427.57,3
Direct,desktop,21,2.96,116,2,359.35,2
Direct,mobile,91,2.11,64.9,2,47.59,24
Direct,tablet,2,2,0,0,0,0
Display,desktop,1,1,0,0,0,0
Email,desktop,7,1.3,44.8,0,0,0
Email,mobile,43,1.9,74.94,1,13.56,3
Organic Search,desktop,57,1.72,84.43,1,12.76,2
Organic Search,mobile,222,1.4,62.01,0,0,11
Organic Search,tablet,2,1,0,0,0,0
Paid Search,desktop,46,1.92,38.06,1,10.73,6
Paid Search,mobile,202,2.84,116.41,9,168.16,78
Paid Search,tablet,2,3.5,286,0,0,1
Paid Social,mobile,22,2.81,129.62,0,0,11
Paid Social,tablet,1,6,92,0,0,1
Referral,desktop,3,4.67,74.33,0,0,2
Referral,mobile,6,4.67,345,0,0,4
Social,desktop,1,1,0,0,0,0
Social,mobile,5,1,0,0,0,0
Affiliates,desktop,4,3.5,195,1,8.85,1
Aggregators,desktop,17,2.38,178.76,10,147.49,2
Aggregators,mobile,26,2.23,124.91,12,185.75,6
Aggregators,tablet,1,5,94,0,0,1
Direct,desktop,16,3.63,100.38,0,0,4
Direct,mobile,83,2.4,112.93,1,31.4,26
Direct,tablet,1,1,0,0,0,0
Display,desktop,1,1,0,0,0,0
Email,desktop,6,1.43,8.57,0,0,1
Email,mobile,43,1.88,53.04,0,0,6
Organic Search,desktop,24,1.54,79.73,0,0,2
Organic Search,mobile,210,1.39,70.45,0,0,2
Organic Search,tablet,3,1,0,0,0,0
Paid Search,desktop,27,1.33,15.56,0,0,5
Paid Search,mobile,189,3.55,116.56,11,141.1,100
Paid Search,tablet,6,2.44,117.56,0,0,3
Paid Social,mobile,20,3.79,115.46,0,0,13
Referral,desktop,3,3,40,0,0,1
Referral,mobile,5,4.83,272.33,1,31.91,4
Social,mobile,2,1,0,0,0,0
(Other),mobile,2,1,0.5,0,0,1
Affiliates,desktop,1,1,0,0,0,0
Affiliates,mobile,3,7.33,365.67,0,0,3
Aggregators,desktop,16,2.17,169.38,12,166.91,1
Aggregators,mobile,32,2.49,168.39,22,582.4,5
Direct,desktop,18,3.16,142.74,1,15.88,3
Direct,mobile,72,2.76,131.8,3,58.64,21
Direct,tablet,4,4.5,342.75,0,0,1
Email,desktop,3,1.33,198.67,0,0,0
Email,mobile,46,2.21,152.96,2,43,3
Email,tablet,1,1,0,0,0,0
Organic Search,desktop,18,1.85,63.55,1,9.79,0
Organic Search,mobile,224,1.57,55.87,1,23.86,12
Organic Search,tablet,3,1.67,4,0,0,0
Paid Search,desktop,28,2.48,52,2,34.12,8
Paid Search,mobile,213,3.91,165.19,22,780.32,129
Paid Search,tablet,2,2.5,73.5,0,0,2
Paid Social,desktop,1,10,146,0,0,1
Paid Social,mobile,12,4.33,192.42,1,18.03,7
Referral,desktop,1,2,0,0,0,0
Referral,mobile,7,3.14,524.43,0,0,4
(Other),desktop,1,10,540,0,0,1
Affiliates,desktop,1,2,80,0,0,0
Affiliates,mobile,3,1,19.67,0,0,0
Aggregators,desktop,20,2.45,167.81,13,239.26,3
Aggregators,mobile,29,2.49,148.58,21,248.02,4
Direct,desktop,36,3.48,61.18,1,243,5
Direct,mobile,89,2.26,98.47,3,147.88,23
Email,desktop,13,1.29,22.79,0,0,2
Email,mobile,47,1.98,85.38,3,32.07,5
Organic Search,desktop,88,1.45,67.66,0,0,4
Organic Search,mobile,300,1.48,94.09,1,21.84,14
Organic Search,tablet,1,2,30,0,0,0
Paid Search,desktop,53,2.33,91.11,3,42.04,16
Paid Search,mobile,237,2.88,109.39,8,175.15,109
Paid Search,tablet,2,2.5,169,0,0,1
Paid Social,mobile,20,4.7,157.13,0,0,9
Referral,desktop,3,2.67,40.33,0,0,1
Referral,mobile,12,3.71,259.29,0,0,6
Social,desktop,1,1,0,0,0,0
Social,mobile,7,4.25,136.5,0,0,4
(Other),desktop,1,9,479,0,0,1
(Other),mobile,1,8,64,0,0,1
Affiliates,desktop,5,6,645,1,11.64,2
Affiliates,mobile,6,2.33,250.5,0,0,1
Aggregators,desktop,17,2.6,189.32,8,193.59,3
Aggregators,mobile,35,2.18,113,24,691,18
Direct,desktop,35,2.83,47.44,0,0,6
Direct,mobile,109,1.94,86.94,8,181.47,12
Direct,tablet,2,2,0,0,0,0
Email,desktop,5,1.6,16,0,0,0
Email,mobile,64,1.77,83.61,1,18.05,4
Organic Search,desktop,65,1.56,109.3,0,0,2
Organic Search,mobile,291,1.48,70.36,1,15.67,12
Organic Search,tablet,2,1,0,0,0,0
Paid Search,desktop,53,2.62,115.28,2,22.1,12
Paid Search,mobile,232,3.01,136.26,15,255.73,111
Paid Search,tablet,3,2.5,327.5,0,0,4
Paid Social,mobile,17,3.78,95.94,0,0,9
Referral,desktop,4,0.75,40.5,0,0,0
Referral,mobile,8,3,178.8,0,0,4
Social,desktop,1,1,0,0,0,0
Social,mobile,2,2,78.5,0,0,1
(Other),desktop,1,1,0,0,0,0
Affiliates,desktop,3,11,447.75,1,21.4,3
Affiliates,mobile,3,9.25,791.5,1,22.87,3
Aggregators,desktop,11,2.63,259.74,7,171.57,1
Aggregators,mobile,24,2.85,169.46,11,524.02,6
Aggregators,tablet,2,2.5,102.75,3,26.99,0
Direct,desktop,28,3.83,240.43,3,74.58,7
Direct,mobile,63,2.34,146.51,2,44.91,18
Direct,tablet,3,10.67,1060.67,1,21.46,3
Email,desktop,8,1.5,46.75,0,0,0
Email,mobile,58,2.39,77.87,1,12.33,10
Organic Search,desktop,35,1.49,33.03,0,0,0
Organic Search,mobile,242,1.42,85.93,1,8.46,14
Organic Search,tablet,2,1.25,10.5,0,0,0
Paid Search,desktop,22,1.88,18.21,0,0,5
Paid Search,mobile,173,3.15,151.78,5,86.78,85
Paid Search,tablet,1,1,0,0,0,0
Paid Social,mobile,3,1,0,0,0,0
Referral,desktop,1,1,0,0,0,0
Referral,mobile,9,2.5,156.5,0,0,5
Social,mobile,1,2,7,0,0,1
(Other),mobile,1,2,145,0,0,0
Affiliates,desktop,1,3,74,0,0,1
Affiliates,mobile,3,2.25,202.25,0,0,1
Aggregators,desktop,11,2.57,123.43,8,120.9,2
Aggregators,mobile,27,2.58,138.12,15,461.31,7
Aggregators,tablet,1,3.5,584,1,318.24,1
Direct,desktop,26,2.41,68.15,0,0,3
Direct,mobile,78,2.38,193.13,7,101.19,17
Direct,tablet,2,3,42,0,0,0
Email,desktop,5,4.2,329.6,1,9,1
Email,mobile,54,1.77,96.56,1,21.39,6
Organic Search,desktop,66,1.67,36.44,0,0,4
Organic Search,mobile,233,1.42,69.82,0,0,5
Organic Search,tablet,4,1,0,0,0,0
Paid Search,desktop,42,2.27,56.51,1,26.72,9
Paid Search,mobile,213,3.07,127.24,10,161.13,102
Paid Search,tablet,3,1,0,0,0,0
Paid Social,mobile,11,4,154.27,0,0,6
Paid Social,tablet,1,2,7,0,0,0
Referral,desktop,3,1,1.33,0,0,2
Referral,mobile,13,3.71,273.86,0,0,10
Social,mobile,2,8.5,269.5,0,0,2
(Other),mobile,4,2.25,48.5,0,0,2
Affiliates,desktop,4,4,143.25,1,8.3,2
Affiliates,mobile,3,6,248.33,1,7.82,2
Aggregators,desktop,13,2.23,149.23,12,133.93,0
Aggregators,mobile,16,1.64,109.8,5,140.81,1
Aggregators,tablet,1,0,0,0,0,0
Direct,desktop,31,3.16,183.09,3,37.29,4
Direct,mobile,79,2.66,99.24,3,79.89,27
Direct,tablet,3,2,1,0,0,0
Display,desktop,1,1,0,0,0,0
Email,desktop,9,1.56,16.67,0,0,2
Email,mobile,51,2.18,91.51,5,80.39,4
Email,tablet,2,1,0,0,0,0
Organic Search,desktop,58,2.14,133.8,1,15.81,5
Organic Search,mobile,248,1.33,34.15,1,12.53,6
Organic Search,tablet,3,4.67,700.33,1,8.88,0
Paid Search,desktop,54,2.86,100.29,2,35.3,14
Paid Search,mobile,204,3.4,142.04,7,330.69,91
Paid Search,tablet,2,2,161.33,0,0,1
Paid Social,mobile,14,1.93,121,0,0,6
Referral,desktop,2,2.33,221.67,0,0,0
Referral,mobile,7,4.56,96.22,1,13.33,5
Social,mobile,1,2,10,0,0,0
Social,tablet,1,4,24,0,0,1
Affiliates,desktop,3,4,102,1,10.93,1
Affiliates,mobile,2,1.5,3.5,0,0,0
Aggregators,desktop,9,2,226.93,6,145.57,1
Aggregators,mobile,11,4.25,240.19,6,191.1,6
Direct,desktop,16,4.24,295.88,4,410.67,4
Direct,mobile,64,2.96,149.76,4,51.52,16
Direct,tablet,1,1,0,0,0,0
Email,desktop,3,5.67,126.33,2,28.85,1
Email,mobile,40,2.17,34.6,0,0,4
Organic Search,desktop,13,1.36,74.71,0,0,0
Organic Search,mobile,256,1.37,47.91,0,0,10
Organic Search,tablet,1,1,0,0,0,0
Paid Search,desktop,20,2.55,24.5,0,0,3
Paid Search,mobile,161,3.34,132.52,9,138.57,74
Paid Search,tablet,1,9,337,0,0,1
Paid Social,mobile,12,5.25,215.67,0,0,8
Referral,mobile,9,3.8,297.4,2,49.06,7
Social,mobile,1,2,51,0,0,1
Affiliates,desktop,3,5.33,173,2,23.45,2
Affiliates,mobile,1,1,0,0,0,0
Aggregators,desktop,11,2.89,203.89,9,400.1,2
Aggregators,mobile,14,3.21,353.88,10,133.32,6
Direct,desktop,38,2.29,127.92,0,0,4
Direct,mobile,61,3.64,145,3,80.71,18
Direct,tablet,2,1,0,0,0,0
Email,desktop,2,1,0,0,0,0
Email,mobile,25,1.81,56.97,0,0,3
Organic Search,desktop,17,1.44,55.06,0,0,0
Organic Search,mobile,213,1.38,48.81,1,22.77,8
Organic Search,tablet,1,1,0,0,0,0
Paid Search,desktop,13,4.26,162.68,2,78.47,6
Paid Search,mobile,134,4.48,192.43,19,372.35,68
Paid Search,tablet,4,2.83,147.33,0,0,3
Paid Social,mobile,16,4.78,133.94,0,0,10
Paid Social,tablet,1,1,0,0,0,0
Referral,desktop,1,1,0,0,0,0
Referral,mobile,7,3.36,323.27,0,0,7
Social,mobile,2,1.5,189.5,0,0,0
Social,tablet,1,1,0,0,0,0
(Other),mobile,1,2,246,0,0,1
Affiliates,desktop,5,4.6,142.4,1,14.82,2
Affiliates,mobile,5,5.4,190.4,0,0,3
Aggregators,desktop,22,2.03,104.47,14,317.06,1
Aggregators,mobile,15,2.8,229.68,7,125.14,6
Direct,desktop,24,3.5,168.73,1,38.18,3
Direct,mobile,64,2.57,82.7,0,0,12
Direct,tablet,2,3.5,34,0,0,0
Display,tablet,1,1,0,0,0,0
Email,desktop,8,2.4,231.9,1,22.16,1
Email,mobile,39,2.41,108.86,2,61.22,5
Organic Search,desktop,32,1.91,196.5,0,0,2
Organic Search,mobile,233,1.41,67.18,1,21.75,6
Organic Search,tablet,1,1,0,0,0,0
Paid Search,desktop,16,2.56,76.78,0,0,6
Paid Search,mobile,184,3.22,130.24,12,258.46,104
Paid Search,tablet,2,1,0,0,0,0
Paid Social,mobile,11,2.45,70.82,0,0,7
Referral,desktop,3,4.67,102,0,0,2
Referral,mobile,14,4.29,279.94,3,30.68,9
Referral,tablet,1,3,559,0,0,1
Social,mobile,1,2,4,0,0,1
Affiliates,desktop,4,4.25,230.75,1,9.25,2
Affiliates,mobile,9,3.73,145.09,0,0,4
Aggregators,desktop,20,2.46,268.95,19,214.15,3
Aggregators,mobile,18,2.48,137.48,6,255.51,6
Aggregators,tablet,2,1.33,109.67,0,0,0
Direct,desktop,50,3.84,219.61,4,493.34,16
Direct,mobile,95,2.5,131.46,3,82.82,17
Email,desktop,13,2.43,75.64,1,33.46,2
Email,mobile,71,1.96,102.74,0,0,5
Organic Search,desktop,65,2.11,94.03,0,0,4
Organic Search,mobile,262,1.37,84.01,1,14.26,8
Organic Search,tablet,2,1,0,0,0,0
Paid Search,desktop,42,2.94,136.32,3,86.54,16
Paid Search,mobile,212,2.8,107.16,8,107.02,77
Paid Search,tablet,2,1.33,29.67,0,0,1
Paid Social,mobile,9,5.67,112,0,0,6
Referral,desktop,3,1.67,63,0,0,1
Referral,mobile,14,4.71,283.59,2,23.22,9
Social,desktop,1,1,0,0,0,0
Social,mobile,1,1,0,0,0,0
(Other),mobile,1,1,2,0,0,1
Affiliates,desktop,1,3,448,0,0,0
Affiliates,mobile,7,2.57,38.14,0,0,2
Aggregators,desktop,16,2.48,102.32,5,288.98,3
Aggregators,mobile,16,2.3,136.9,5,276.97,5
Aggregators,tablet,1,1,15.5,0,0,0
Direct,desktop,41,3.8,128.18,2,29.13,9
Direct,mobile,101,2.45,101.11,4,244.4,28
Direct,tablet,1,0,0,0,0,0
Email,desktop,7,1,0.88,0,0,1
Email,mobile,37,1.41,64.62,0,0,0
Organic Search,desktop,66,1.96,83.8,0,0,6
Organic Search,mobile,254,1.31,66.72,2,18.62,5
Organic Search,tablet,3,1,0,0,0,0
Paid Search,desktop,40,2.07,55.95,2,26.16,10
Paid Search,mobile,248,3.16,141.24,10,189.91,108
Paid Search,tablet,1,2,95,0,0,1
Paid Social,mobile,9,2.67,103.56,0,0,3
Referral,desktop,4,1.75,32.5,0,0,1
Referral,mobile,15,4,141.44,0,0,10
Social,mobile,1,6,120,0,0,1
(Other),mobile,1,1,0,0,0,0
Affiliates,desktop,3,2.5,42.5,0,0,2
Affiliates,mobile,2,9,151.5,0,0,2
Aggregators,desktop,15,2.56,173.44,7,260.46,2
Aggregators,mobile,23,2.62,246.47,13,152.74,4
Direct,desktop,43,3.23,124.72,2,46.23,9
Direct,mobile,75,2.2,81.55,2,33.24,22
Direct,tablet,1,4,330,0,0,0
Email,desktop,5,4.2,265.2,1,9.78,1
Email,mobile,38,1.62,110.24,0,0,3
Organic Search,desktop,44,1.5,65.93,1,34,1
Organic Search,mobile,218,1.39,70.66,2,22.01,7
Organic Search,tablet,2,1,0,0,0,0
Paid Search,desktop,27,3.94,168.39,3,32.4,14
Paid Search,mobile,160,3.21,137.41,6,299.06,79
Paid Search,tablet,1,1,0,0,0,0
Paid Social,mobile,5,6,434.83,0,0,4
Referral,desktop,5,2.38,29.38,0,0,1
Referral,mobile,11,3.25,98.58,0,0,9
Social,mobile,4,6.25,457.5,1,11.89,2
(Other),mobile,1,8,384,0,0,1
Affiliates,desktop,1,1,0,0,0,0
Affiliates,mobile,6,2.5,93.33,0,0,1
Aggregators,desktop,22,2.66,238.49,15,168.42,0
Aggregators,mobile,21,2.65,140.93,12,221.47,7
Direct,desktop,30,4.36,184.18,4,112.89,4
Direct,mobile,72,2.34,102.67,1,40.4,14
Email,desktop,6,1.67,6.33,0,0,0
Email,mobile,40,1.76,125.94,0,0,4
Organic Search,desktop,58,1.57,52.33,0,0,2
Organic Search,mobile,235,1.21,38.79,0,0,3
Paid Search,desktop,31,4.5,141.8,1,24.78,13
Paid Search,mobile,159,3.11,116.06,8,125.46,69
Paid Search,tablet,1,3,424,0,0,1
Paid Social,mobile,12,2.5,157.17,0,0,4
Referral,desktop,4,2,145.14,0,0,2
Referral,mobile,9,4.6,177.1,2,55.15,6
Social,mobile,3,3.67,67.67,0,0,1
Affiliates,desktop,5,5.86,342.14,0,0,2
Affiliates,mobile,4,6.75,199.75,0,0,3
Aggregators,desktop,8,2.36,192.55,3,353.91,1
Aggregators,mobile,15,2.43,247.91,9,339.44,3
Direct,desktop,16,4.13,190.38,3,291.99,2
Direct,mobile,58,2.27,89.39,4,206.8,7
Email,desktop,5,1.6,62.4,0,0,0
Email,mobile,23,2.48,89.24,1,10.17,4
Organic Search,desktop,15,1.44,38.31,0,0,0
Organic Search,mobile,227,1.32,62.45,1,10.84,4
Organic Search,tablet,2,1,0,0,0,0
Paid Search,desktop,8,4.89,521.56,2,19.66,3
Paid Search,mobile,121,3.3,113.4,4,66.47,62
Paid Social,mobile,10,3.82,78.27,0,0,5
Referral,desktop,3,1.33,67.33,0,0,1
Referral,mobile,10,2.67,167.83,0,0,10
Social,mobile,1,2,40,0,0,0
Affiliates,desktop,2,8,283.5,1,50.03,2
Affiliates,mobile,7,3,28.88,0,0,1
Aggregators,desktop,10,3.05,273.48,10,113.52,2
Aggregators,mobile,30,2.02,110.75,8,130.27,8
Aggregators,tablet,1,1,356,0,0,0
Direct,desktop,10,3.27,366.91,1,17.3,2
Direct,mobile,48,2.19,84.77,0,0,4
Direct,tablet,2,5.5,19,0,0,0
Email,desktop,4,3.5,216,1,21.24,1
Email,mobile,25,1.61,23.71,1,9.36,2
Email,tablet,1,1,0,0,0,0
Organic Search,desktop,27,1.48,149.11,0,0,1
Organic Search,mobile,215,1.36,57.68,0,0,10
Organic Search,tablet,3,1,0,0,0,0
Paid Search,desktop,8,2.9,130.1,1,13.63,3
Paid Search,mobile,123,3.56,184.04,5,62.97,72
Paid Social,mobile,5,5,161,0,0,4
Referral,desktop,1,6,86,0,0,1
Referral,mobile,8,3.11,105.22,0,0,4
Social,mobile,1,1,0,0,0,0
(Other),mobile,1,5,137,0,0,1
Affiliates,desktop,4,6,297.4,2,39.84,3
Affiliates,mobile,4,7,291.8,2,30.28,3
Aggregators,desktop,39,2.51,158.18,26,493.55,4
Aggregators,mobile,24,2.57,105.54,6,80.95,6
Aggregators,tablet,1,1,110,0,0,0
Direct,desktop,46,2.28,73.24,3,46.72,7
Direct,mobile,68,1.94,111.24,1,5.76,9
Direct,tablet,1,2,2,0,0,0
Email,desktop,12,2.87,129.47,1,30.02,2
Email,mobile,39,1.54,114.04,0,0,2
Organic Search,desktop,65,1.6,37.78,0,0,0
Organic Search,mobile,239,1.41,53.16,0,0,7
Organic Search,tablet,1,1,0,0,0,0
Paid Search,desktop,52,2.56,144.52,0,0,13
Paid Search,mobile,231,3.22,136.79,20,368.38,104
Paid Search,tablet,3,1.33,10.33,0,0,0
Paid Social,desktop,1,8,91,0,0,1
Paid Social,mobile,10,3.73,71.27,0,0,6
Referral,desktop,2,1,0,0,0,0
Referral,mobile,12,2.6,181.87,0,0,10
Social,mobile,1,1,0,0,0,0
(Other),mobile,3,2.67,19,0,0,2
Affiliates,desktop,4,4.5,179.5,1,8.36,2
Affiliates,mobile,7,4.56,223.89,1,21.13,5
Aggregators,desktop,24,2.29,184.24,10,126.62,4
Aggregators,mobile,34,2.79,186.7,20,438.03,8
Aggregators,tablet,1,2,198.33,1,11.33,0
Direct,desktop,48,3.17,146.54,0,0,10
Direct,mobile,90,2.1,116.94,7,125.55,11
Direct,tablet,2,8,784,1,32.63,0
Display,desktop,1,1,0,0,0,0
Email,desktop,8,2.63,119.38,0,0,1
Email,mobile,52,1.77,62.75,0,0,5
Organic Search,desktop,59,1.94,124.3,0,0,6
Organic Search,mobile,288,1.55,72.5,1,17.24,13
Organic Search,tablet,2,3.5,44.5,0,0,0
Paid Search,desktop,52,1.92,123.57,1,15.28,12
Paid Search,mobile,254,3.27,138.77,8,139.52,139
Paid Search,tablet,5,2.4,82.8,0,0,2
Paid Social,mobile,11,1.77,79.77,0,0,2
Referral,desktop,4,4.75,127,0,0,2
Referral,mobile,13,1.85,45.69,0,0,8
Social,mobile,6,2.83,54.33,0,0,4
(Other),mobile,3,3.67,83.67,0,0,2
Affiliates,desktop,6,3,41.71,0,0,2
Affiliates,mobile,3,5.5,156.25,1,9.95,1
Aggregators,desktop,20,1.97,137.9,12,133.71,2
Aggregators,mobile,20,2.25,129.71,6,59.2,4
Aggregators,tablet,1,6.5,149.5,0,0,1
Direct,desktop,40,2.49,107.93,2,21.35,7
Direct,mobile,74,2.19,65.45,0,0,15
Display,mobile,1,1,0,0,0,0
Email,desktop,15,2.31,93.38,0,0,1
Email,mobile,49,2.07,74.9,3,53.52,4
Organic Search,desktop,75,1.82,99.57,0,0,9
Organic Search,mobile,239,1.53,70.68,1,21.47,15
Paid Search,desktop,42,2.59,94.07,1,35.35,9
Paid Search,mobile,228,2.78,151.68,7,160.2,97
Paid Search,tablet,5,2.6,145.4,0,0,3
Paid Social,mobile,11,3.46,91.38,0,0,4
Referral,desktop,5,2.17,64.67,0,0,0
Referral,mobile,11,2.83,86.25,0,0,6
Social,desktop,1,1,0,0,0,0
Social,mobile,2,5.67,298.67,0,0,2
(Other),mobile,2,4,336,0,0,1
Affiliates,desktop,4,2,18.4,0,0,1
Affiliates,mobile,2,4,357,0,0,0
Aggregators,desktop,20,2.11,192.29,17,549.05,3
Aggregators,mobile,22,2.83,199.06,19,458.52,6
Aggregators,tablet,1,1,126,0,0,0
Direct,desktop,36,2.59,81.57,3,66.58,4
Direct,mobile,69,2.1,100.45,1,23.07,17
Direct,tablet,1,2,95,0,0,1
Display,mobile,1,1,0,0,0,0
Email,desktop,7,5,113.29,1,20.32,1
Email,mobile,33,1.62,98.69,0,0,1
Email,tablet,2,5.5,199,0,0,1
Organic Search,desktop,61,1.64,38.87,0,0,4
Organic Search,mobile,219,1.35,44.56,1,17.38,8
Organic Search,tablet,3,1.67,94.67,0,0,0
Paid Search,desktop,46,1.8,104.92,2,66.63,6
Paid Search,mobile,164,2.98,104.47,6,139.1,61
Paid Search,tablet,2,2.67,35.67,0,0,1
Paid Social,mobile,10,5.73,292.27,0,0,5
Referral,desktop,3,2.33,42.67,0,0,0
Referral,mobile,8,7.5,299.75,0,0,8
Social,mobile,3,3.75,93.75,0,0,2
Affiliates,desktop,4,3,44.25,0,0,1
Affiliates,mobile,3,4.67,110,1,17.71,2
Aggregators,desktop,18,2.1,355.13,9,231.2,1
Aggregators,mobile,15,2.26,226.48,9,625.82,1
Aggregators,tablet,3,0.67,102,0,0,0
Direct,desktop,33,2.62,117.11,2,63.41,9
Direct,mobile,70,2.48,85.01,1,22.47,17
Email,desktop,10,1.3,17,0,0,0
Email,mobile,38,1.8,31.2,1,44.13,4
Organic Search,desktop,53,2.2,143.36,0,0,5
Organic Search,mobile,214,1.37,63.88,2,54.92,8
Organic Search,tablet,2,2,86,0,0,0
Paid Search,desktop,25,2.77,68.31,2,18.1,8
Paid Search,mobile,166,3.29,112.24,7,133.93,76
Paid Search,tablet,4,1,0,0,0,1
Paid Social,mobile,14,2.75,31.5,0,0,4
Referral,desktop,3,7.25,404.25,0,0,1
Referral,mobile,6,1.6,38.2,0,0,6
Social,desktop,1,1,0,0,0,0
Social,mobile,2,2,111.5,0,0,0
(Other),mobile,1,4,222,0,0,1
Affiliates,desktop,3,7.67,549,1,48.57,2
Affiliates,mobile,2,4.5,166,0,0,1
Aggregators,desktop,11,3,130.3,7,68.43,4
Aggregators,mobile,19,3,113.21,8,101.87,8
Aggregators,tablet,1,0,0,0,0,0
Direct,desktop,21,4.09,262.82,1,7.07,4
Direct,mobile,54,2.43,110.08,1,13.71,16
Direct,tablet,1,6,178,0,0,0
Email,desktop,4,1.4,10.8,0,0,1
Email,mobile,29,2.82,116.45,3,63,6
Email,tablet,1,1,0,0,0,1
Organic Search,desktop,20,1.25,7.1,0,0,0
Organic Search,mobile,212,1.25,25.75,2,30.78,8
Organic Search,tablet,2,1.33,4,0,0,0
Paid Search,desktop,13,2.07,48.14,0,0,4
Paid Search,mobile,124,3.16,134.48,10,192.66,59
Paid Search,tablet,4,2.75,74.25,0,0,2
Paid Social,mobile,4,1,0,0,0,0
Referral,desktop,2,5.5,525.5,0,0,1
Referral,mobile,7,4.22,135,2,44.41,6
(Other),mobile,1,5,136,0,0,1
Affiliates,desktop,1,11,368,1,17.03,1
Affiliates,mobile,2,5,214.5,0,0,2
Aggregators,desktop,6,1.9,98.3,3,32.53,0
Aggregators,mobile,16,3.43,225.04,12,137.04,5
Direct,desktop,20,2.71,84.67,2,34.04,4
Direct,mobile,50,2.02,107.02,2,22.32,8
Display,mobile,1,1,0,0,0,0
Email,desktop,2,0.67,0,0,0,1
Email,mobile,30,1.49,93.57,0,0,3
Organic Search,desktop,21,1.68,210.23,1,24.57,0
Organic Search,mobile,194,1.32,38.08,1,14.52,9
Organic Search,tablet,2,1.5,19,0,0,1
Paid Search,desktop,8,5.7,336.6,1,19.54,5
Paid Search,mobile,104,3.82,179.18,9,164.23,58
Paid Search,tablet,2,5.5,184.5,0,0,2
Paid Social,mobile,12,4.17,98.83,0,0,7
Referral,desktop,5,2.4,9.2,0,0,1
Referral,mobile,6,2.43,76.86,0,0,5
Social,mobile,1,1,0,0,0,0
Affiliates,desktop,3,5.33,212,2,25.15,1
Affiliates,mobile,6,7.14,204,3,65.72,5
Aggregators,desktop,24,2.95,164.32,12,510.61,7
Aggregators,mobile,27,1.96,96.02,14,154.23,8
Aggregators,tablet,1,4,78,0,0,0
Direct,desktop,41,10.11,181.16,0,0,11
Direct,mobile,86,2.17,91.63,3,44.66,13
Email,desktop,8,1.78,183.56,0,0,2
Email,mobile,44,2.25,182.41,2,53.36,7
Email,tablet,1,3,237,0,0,0
Organic Search,desktop,72,1.61,88.13,1,19.89,3
Organic Search,mobile,267,1.4,50.44,2,78.97,11
Paid Search,desktop,39,1.78,50.83,0,0,6
Paid Search,mobile,203,2.85,125.24,5,92.38,87
Paid Search,tablet,2,2.67,107,0,0,2
Paid Social,mobile,6,4.14,112.43,0,0,4
Referral,desktop,8,4.6,400.4,2,119.72,4
Referral,mobile,10,5.1,224.3,0,0,6
Social,mobile,2,1,0,0,0,0
(Other),mobile,1,5,90,0,0,1
Affiliates,desktop,2,5,140.5,0,0,1
Affiliates,mobile,4,6,385.33,4,51.18,2
Aggregators,desktop,14,2.08,116.92,11,186.85,1
Aggregators,mobile,25,2.38,119.81,11,364.02,12
Direct,desktop,33,4.03,192.63,4,85.67,5
Direct,mobile,101,2.53,144.51,2,27.23,23
Display,mobile,2,1,0,0,0,0
Email,desktop,9,1.67,132.08,0,0,1
Email,mobile,58,1.92,53.55,1,15.93,5
Organic Search,desktop,65,1.73,106.63,0,0,5
Organic Search,mobile,260,1.4,52.82,0,0,8
Organic Search,tablet,3,1,0,0,0,0
Paid Search,desktop,43,1.83,119.68,1,33.47,16
Paid Search,mobile,194,2.99,96.98,7,123.26,81
Paid Search,tablet,7,4.71,378.57,1,272.88,3
Paid Social,mobile,13,3.4,156,0,0,5
Paid Social,tablet,1,3,41,0,0,1
Referral,desktop,5,2.6,341.3,0,0,2
Referral,mobile,12,2.8,140.73,0,0,8
Social,mobile,1,1,0,0,0,0
(Other),mobile,1,11,329,0,0,1
Affiliates,desktop,8,5.88,205,1,34.11,3
Affiliates,mobile,3,6.2,295.6,0,0,1
Aggregators,desktop,17,2.18,123.27,12,488.63,2
Aggregators,mobile,28,2.67,118,17,241.31,7
Aggregators,tablet,2,3.25,542.25,2,229.8,1
Direct,desktop,40,2.93,129.27,3,51.61,9
Direct,mobile,78,2.25,126.68,3,54.28,16
Direct,tablet,1,3,176,0,0,0
Email,desktop,6,1.17,18.5,0,0,0
Email,mobile,38,2.02,90.94,3,48.32,3
Organic Search,desktop,73,1.68,90.89,0,0,8
Organic Search,mobile,240,1.57,67.2,2,24.61,13
Organic Search,tablet,5,2.2,89.6,0,0,1
Paid Search,desktop,41,2.31,90.2,0,0,12
Paid Search,mobile,206,3.05,140.33,8,130.27,98
Paid Search,tablet,4,3.67,133.67,0,0,3
Referral,desktop,8,4.25,224.13,2,22.18,4
Referral,mobile,10,4.18,166.73,3,33.31,8
(Other),mobile,1,1,0,0,0,0
Affiliates,desktop,2,12,356,2,349.29,2
Affiliates,mobile,2,3.5,43.5,0,0,1
Aggregators,desktop,21,2.14,179.42,13,165.13,1
Aggregators,mobile,18,2.18,107.58,9,163.18,5
Aggregators,tablet,1,0,1,0,0,0
Direct,desktop,22,2.63,70.33,0,0,6
Direct,mobile,61,2.15,176.21,2,25.78,12
Direct,tablet,2,5.5,68,0,0,0
Email,desktop,4,0.8,0,0,0,1
Email,mobile,42,1.89,67.21,0,0,3
Organic Search,desktop,43,2.62,222.49,1,11.08,7
Organic Search,mobile,233,1.28,33.95,0,0,8
Organic Search,tablet,2,1,0,0,0,0
Paid Search,desktop,33,2.39,115.28,1,40.74,11
Paid Search,mobile,173,2.61,100.44,8,113.75,71
Paid Search,tablet,1,2,11,0,0,1
Referral,desktop,2,1,0,0,0,0
Referral,mobile,12,4.07,104.71,0,0,8
Social,mobile,1,1,0,0,0,0
(Other),mobile,1,1,0,0,0,0
Affiliates,desktop,3,9,187.33,4,65.98,2
Affiliates,mobile,4,1.75,30.75,0,0,1
Aggregators,desktop,16,2.1,116.77,12,622.48,1
Aggregators,mobile,23,2.7,159.23,16,644.74,11
Aggregators,tablet,1,2.5,117,1,11.62,0
Direct,desktop,26,2.56,44.85,0,0,6
Direct,mobile,72,2.53,177.49,1,7.3,14
Direct,tablet,2,8.5,451,2,666.48,0
Email,desktop,9,1.91,102.64,0,0,0
Email,mobile,45,2.42,146.32,3,366.28,7
Email,tablet,1,5,126,0,0,1
Organic Search,desktop,60,1.97,75.58,0,0,4
Organic Search,mobile,218,1.49,55.29,0,0,6
Organic Search,tablet,1,2,26,0,0,0
Paid Search,desktop,38,1.82,56.2,0,0,7
Paid Search,mobile,174,2.85,112.44,8,148.91,75
Paid Search,tablet,3,1.67,339,0,0,1
Referral,desktop,4,1.7,221.6,0,0,1
Referral,mobile,12,2.5,117.57,1,23.63,9
Affiliates,desktop,1,14,381,2,19.94,1
Affiliates,mobile,5,4.1,248.8,0,0,4
Aggregators,desktop,8,3.07,172.5,8,636.54,1
Aggregators,mobile,24,2.38,189.48,14,877.16,4
Aggregators,tablet,1,1,0,0,0,2
Direct,desktop,21,1.27,5.55,0,0,3
Direct,mobile,50,2.78,136.3,3,40.15,18
Email,desktop,4,3.2,176.2,0,0,0
Email,mobile,39,1.52,19.98,0,0,2
Organic Search,desktop,20,1.85,157.9,0,0,1
Organic Search,mobile,204,1.46,51.34,2,35.84,7
Organic Search,tablet,3,1,0,0,0,0
Paid Search,desktop,12,3.33,261.53,3,33.69,3
Paid Search,mobile,142,2.9,98.03,2,37.9,67
Paid Search,tablet,3,2.4,56.8,0,0,2
Referral,desktop,2,2.5,180.5,0,0,1
Referral,mobile,7,2.73,179.73,1,22.15,6
Social,mobile,1,4,94.5,0,0,1
Affiliates,desktop,3,7.33,327.67,0,0,3
Affiliates,mobile,3,2.5,34.75,0,0,2
Aggregators,desktop,13,1.77,88.27,5,206.22,1
Aggregators,mobile,23,2.22,122.11,14,153.26,4
Aggregators,tablet,1,2.5,149.5,1,5.02,0
Direct,desktop,19,2.75,124.6,0,0,1
Direct,mobile,63,2.24,110.29,0,0,13
Direct,tablet,2,6,41,0,0,0
Email,desktop,5,1.4,37.8,0,0,0
Email,mobile,31,2.03,93.54,1,18.74,3
Organic Search,desktop,24,1.25,91.88,0,0,0
Organic Search,mobile,187,1.42,67.96,1,16.94,8
Organic Search,tablet,2,1,0,0,0,0
Paid Search,desktop,19,2.5,75.45,1,49.24,8
Paid Search,mobile,135,3.66,191.78,5,82.37,83
Paid Search,tablet,3,1.67,88.33,0,0,1
Referral,desktop,2,0.5,0,0,0,0
Referral,mobile,7,5.75,353.25,1,8.38,7
Referral,tablet,1,1,0,0,0,0
Affiliates,desktop,4,7.5,774.75,3,103.06,2
Aggregators,desktop,19,1.94,114.18,11,178.6,2
Aggregators,mobile,16,3.09,147.81,7,89.22,14
Aggregators,tablet,2,1,64.5,0,0,0
Direct,desktop,25,2.63,40.52,0,0,4
Direct,mobile,85,2.89,182.04,8,153.15,21
Direct,tablet,1,8,444,1,45.51,0
Email,desktop,5,2.4,90.8,0,0,1
Email,mobile,37,2.12,213.59,0,0,2
Email,tablet,1,1,0,0,0,1
Organic Search,desktop,20,3,136.36,0,0,5
Organic Search,mobile,225,1.39,54.79,1,16.64,10
Organic Search,tablet,2,1,0,0,0,0
Paid Search,desktop,14,3.07,99.67,0,0,6
Paid Search,mobile,191,3.76,141.22,15,471.06,122
Paid Search,tablet,3,3,419.25,0,0,3
Referral,desktop,2,3.5,65.5,0,0,1
Referral,mobile,9,2.7,96.4,0,0,6
Referral,tablet,1,1,0,0,0,0
Affiliates,desktop,3,6.67,241.33,3,42.51,1
Affiliates,mobile,7,7.71,343.43,4,62.04,6
Aggregators,desktop,29,2.15,170.27,17,658.67,3
Aggregators,mobile,33,2.19,162.43,16,231.45,4
Aggregators,tablet,1,2,349,0,0,0
Direct,desktop,45,4.47,147.24,5,66.08,5
Direct,mobile,99,2.6,115.23,2,36.44,21
Direct,tablet,3,2,107,0,0,0
Display,mobile,1,1,0,0,0,0
Email,desktop,16,2.41,386.59,0,0,1
Email,mobile,60,2.11,158.31,0,0,6
Organic Search,desktop,47,2.34,207.68,0,0,2
Organic Search,mobile,295,1.54,67.66,0,0,15
Organic Search,tablet,4,1.5,12.25,0,0,0
Paid Search,desktop,40,2.02,132.67,0,0,8
Paid Search,mobile,221,2.68,128.7,7,132.94,84
Paid Search,tablet,1,1,0,0,0,0
Referral,desktop,5,3.83,378.67,2,56.82,1
Referral,mobile,15,4.24,236.24,3,48.82,10
Referral,tablet,2,1,0,0,0,0
(Other),mobile,1,1,0,0,0,0
Affiliates,desktop,4,1.4,17.2,0,0,1
Affiliates,mobile,8,5.38,266.88,3,132.97,4
Aggregators,desktop,23,2.08,200.54,14,206.83,3
Aggregators,mobile,33,2.36,155.6,17,223.52,10
Aggregators,tablet,1,2.5,191,1,16.86,0
Direct,desktop,36,2.54,53.14,0,0,4
Direct,mobile,81,2.03,129.98,5,133.39,5
Direct,tablet,2,5,89.5,0,0,0
Email,desktop,10,4.13,287.67,0,0,0
Email,mobile,63,1.8,95.77,1,51.44,1
Organic Search,desktop,59,2.18,176.34,0,0,3
Organic Search,mobile,236,1.55,74.11,1,22.71,10
Organic Search,tablet,1,2,13,0,0,0
Paid Search,desktop,40,2.57,205.95,0,0,15
Paid Search,mobile,208,3.01,148.69,8,199.68,100
Paid Search,tablet,4,3.75,109.25,0,0,3
Referral,desktop,4,3.44,29,0,0,4
Referral,mobile,14,3.33,158.13,0,0,9
Social,mobile,1,1,0,0,0,0
Affiliates,desktop,3,4.67,78.33,0,0,2
Affiliates,mobile,10,3.1,92.2,1,12.93,5
Aggregators,desktop,15,2.16,128.28,10,102.57,4
Aggregators,mobile,29,2.06,198.69,15,216.08,4
Aggregators,tablet,2,1.25,10.75,0,0,0
Direct,desktop,32,3,197.37,0,0,8
Direct,mobile,89,2.26,94.32,0,0,12
Direct,tablet,4,9.5,911.17,1,31.98,2
Email,desktop,4,4,750.25,0,0,1
Email,mobile,54,1.95,139.15,0,0,1
Email,tablet,1,6,377,0,0,0
Organic Search,desktop,62,2.25,108.96,6,86.89,7
Organic Search,mobile,243,1.34,50.04,0,0,9
Paid Search,desktop,40,1.86,124.64,0,0,8
Paid Search,mobile,226,2.8,87.39,9,142.39,99
Paid Search,tablet,2,9.5,242.5,0,0,2
Referral,desktop,6,7,518,0,0,5
Referral,mobile,11,3.6,166.73,2,38.5,8
Social,desktop,1,6,1629,0,0,1
Social,mobile,2,2,44,0,0,0
Affiliates,desktop,4,8,340.25,3,22.87,3
Affiliates,mobile,5,8.4,559.2,1,19.56,4
Aggregators,desktop,10,2.75,147.44,5,86.92,4
Aggregators,mobile,13,2.73,214.73,8,365.34,3
Direct,desktop,18,5.2,292.85,4,631.58,7
Direct,mobile,62,1.93,53.75,1,26.79,7
Direct,tablet,1,1,0,0,0,0
Email,desktop,7,1.43,8.57,0,0,0
Email,mobile,37,2.26,115.95,0,0,4
Email,tablet,1,1,0,0,0,0
Organic Search,desktop,59,1.69,89.82,2,52.33,5
Organic Search,mobile,150,1.45,79.73,0,0,11
Organic Search,tablet,1,1,0,0,0,0
Paid Search,desktop,29,3.17,183.33,2,24.08,8
Paid Search,mobile,134,2.25,84.67,4,59.96,41
Paid Search,tablet,2,2.33,46.33,0,0,1
Paid Social,mobile,3,5.33,137.33,0,0,2
Referral,desktop,4,1.2,174,0,0,2
Referral,mobile,14,3.18,206.94,0,0,11
